candidate,macro_f1_mean,macro_f1_std,accuracy_mean,accuracy_std,precision_mean,recall_mean,emergency_recall_mean,under_triage_mean
logreg_c10,0.8598240760732393,0.0052729156103786855,0.8546438163647719,0.005578708899941302,0.8587259269932295,0.862346419626524,0.9338173767846758,0.07073953778888195
hgb_slow,0.8430291723281155,0.009375408844965256,0.8378974859462837,0.010207497238028258,0.8471415495212554,0.8418300513988071,0.8897187670024952,0.08961055590256091
hgb_regularized,0.8398207968852065,0.008233100976494725,0.834772173641474,0.00885137436117904,0.8416194419911169,0.840588536862809,0.9019736965535357,0.0891111805121799
hgb_baseline,0.837149769871224,0.007563506559284444,0.8317726420986883,0.008310919480767115,0.8414611523874598,0.8364443550684854,0.8982870865462187,0.09111063397876326
hgb_balanced,0.8354790209187138,0.008282483895448023,0.8302729544034978,0.00876672575142945,0.8379522102838607,0.8358139484284408,0.8983020956454851,0.08961079013116802
logreg_baseline,0.8310158020696111,0.005881439667753374,0.8251480324797003,0.006652842894787629,0.8293476054232942,0.8352681283395398,0.9307686534961821,0.08386211742660837
rf_balanced,0.7928274994945416,0.008917272732611392,0.7882777170518426,0.00893583394541594,0.7957353647835967,0.7973604936557226,0.8970507119941464,0.11335883822610868
rf_baseline,0.7900048562189192,0.010344230303277817,0.785027795128045,0.010339467065321682,0.7915715386017884,0.7940158873843903,0.8835687885780755,0.1171085259212992
rf_fine,0.789237700280427,0.0034250276604866213,0.787401545908807,0.003320759555112963,0.8114641086536818,0.7940233375739383,0.9393426014521303,0.10460954091193005
logreg_regularized,0.7847913591640857,0.005654487883881599,0.7781527170518426,0.006043780164335399,0.7835766872047755,0.7902941590155521,0.9130016322395452,0.10398485321673953
