id,feature_count,accuracy,precision_macro,recall_macro,macro_f1,qwk,mae,under_triage_rate,over_triage_rate,emergency_recall
text_768_logreg,768,0.44172086043021513,0.4489088987419849,0.4487026707929205,0.43946523332514187,0.4659975911699097,0.7613806903451726,0.26113056528264134,0.2971485742871436,0.5294117647058824
text_768_hgb,768,0.41520760380190097,0.4371836314480174,0.4095239163104981,0.41695138328902737,0.39641632726290477,0.7793896948474237,0.3216608304152076,0.26313156578289143,0.27941176470588236
text_768_rf,768,0.42921460730365185,0.44823198968143796,0.4292819960313451,0.43487335085017575,0.43122543171658956,0.7643821910955477,0.27963981990995496,0.2911455727863932,0.4117647058823529
text_64_logreg,64,0.43421710855427714,0.44743229238336935,0.44198221102969576,0.43260952376128936,0.45364110876737085,0.7738869434717359,0.26413206603301653,0.3016508254127064,0.5392156862745098
text_64_hgb,64,0.4257128564282141,0.45339217861074843,0.41851414276457716,0.4279551840056418,0.4116941156472509,0.7583791895947974,0.3071535767883942,0.2671335667833917,0.29411764705882354
text_64_rf,64,0.4062031015507754,0.418840911201932,0.40928001395990643,0.41083879237246823,0.38945020365894645,0.8189094547273637,0.3046523261630815,0.2891445722861431,0.4019607843137255
fused_768_logreg,790,0.822911455727864,0.8288607267039799,0.8310050967436178,0.8292255826738169,0.9199670691510818,0.1775887943971986,0.08454227113556778,0.09254627313656828,0.9166666666666666
fused_768_hgb,790,0.8364182091045522,0.8471852991619792,0.8402647302150998,0.8420561231326068,0.9247863719523527,0.16408204102051024,0.09204602301150576,0.07153576788394198,0.8995098039215687
fused_768_rf,790,0.7743871935967984,0.7787392198066398,0.7824470976270093,0.7793444732154727,0.8989283945920579,0.22611305652826413,0.12206103051525763,0.10355177588794397,0.8504901960784313
fused_64_logreg,86,0.8244122061030515,0.8300595681051389,0.8321545565727504,0.8302929063157553,0.9206994579315334,0.176088044022011,0.08554277138569284,0.09004502251125562,0.9142156862745098
fused_64_hgb,86,0.8209104552276139,0.8327933571865307,0.8253762928383247,0.8276231081699992,0.918170520979408,0.1790895447723862,0.096048024012006,0.0830415207603802,0.8946078431372549
fused_64_rf,86,0.7788894447223612,0.7846696319373294,0.7864718568415869,0.7834547381568857,0.9009461700495995,0.22161080540270134,0.12356178089044523,0.0975487743871936,0.8602941176470589
