seed,space,intra,inter,difference,cohen_d,anosim_R,silhouette,p,p_holm
20261005,768-D,0.25411228729246926,0.41452604754554534,0.16041376025307608,1.8281908988654678,0.7917244444444443,0.27618402412071663,0.0002,0.016
20261005,64-D PCA,0.60385572607169,1.0172826717035015,0.4134269456318115,2.3361831138335507,0.8204533333333335,0.3283908713416348,0.0002,0.016
20261005,2-D diagnostic,0.3675853282916283,1.1473742670355955,0.7797889387439672,1.2205178494145665,0.6316533333333334,0.2593009863101261,0.0002,0.016
20261005,2-D serving,0.5480015092675535,0.9536039721052425,0.40560246283768897,0.5861326647603791,0.3555733333333333,0.0034362345208067734,0.0002,0.016
20261006,768-D,0.25636512503213493,0.4038812975315052,0.14751617249937027,1.5810464845758985,0.7306933333333333,0.24401321847158722,0.0002,0.016
20261006,64-D PCA,0.6325876281621178,1.0319157864037392,0.3993281582416214,2.0442559609067525,0.78584,0.28928696915327146,0.0002,0.016
20261006,2-D diagnostic,0.37428897628792573,1.1428612418353472,0.7685722655474214,1.175117052187837,0.60272,0.21080269874717747,0.0002,0.016
20261006,2-D serving,0.626775998782067,0.9724839552331516,0.34570795645108454,0.46452733381795563,0.2549688888888888,-0.11751227612334275,0.0002,0.016
20261007,768-D,0.25757940830624115,0.39434069937882965,0.1367612910725885,1.497690867409098,0.7306133333333332,0.21108400339999453,0.0002,0.016
20261007,64-D PCA,0.6407761876720994,1.0129076663975964,0.372131478725497,2.011707132195187,0.7871466666666667,0.2630128923623404,0.0002,0.016
20261007,2-D diagnostic,0.3427104860496591,1.140353621802796,0.7976431357531371,1.2178722879071735,0.6331466666666667,0.2550848870070328,0.0002,0.016
20261007,2-D serving,0.534055100763566,0.9736076037490725,0.4395525029855065,0.6421443405254526,0.3686844444444444,-0.0029006135651819666,0.0002,0.016
20261008,768-D,0.2561373310637104,0.40029323071091505,0.14415589964720465,1.6117963903818835,0.72208,0.2433124262038341,0.0002,0.016
20261008,64-D PCA,0.6270104224517971,1.024042693435529,0.39703227098373184,2.045811387720815,0.7944888888888888,0.2854433035235275,0.0002,0.016
20261008,2-D diagnostic,0.2650252867481749,1.1115264246920527,0.8465011379438778,1.3215180487238247,0.7017599999999999,0.29798298227007314,0.0002,0.016
20261008,2-D serving,0.6017729877352014,1.0539235118802175,0.4521505241450161,0.5975890398218284,0.3495555555555556,-0.0836843135356067,0.0002,0.016
20261009,768-D,0.2579146774779723,0.39783328103923976,0.13991860356126745,1.4790386524472627,0.704631111111111,0.24091069396714726,0.0002,0.016
20261009,64-D PCA,0.6296400712522339,1.0160955047076883,0.3864554334554544,2.1566075693914155,0.8131733333333333,0.2896243566739432,0.0002,0.016
20261009,2-D diagnostic,0.3746878137752012,1.1531187696453262,0.778430955870125,1.1918034130541657,0.6151733333333332,0.2527540791713847,0.0002,0.016
20261009,2-D serving,0.5967172417461304,1.0008755802689242,0.4041583385227938,0.5454810188546462,0.31026666666666664,-0.0848533132442647,0.0002,0.016
20261010,768-D,0.2566706213722598,0.38958602782611984,0.13291540645386002,1.584738513084849,0.7296800000000001,0.23121188547185306,0.0002,0.016
20261010,64-D PCA,0.6423083415345417,1.0140275450550607,0.3717192035205189,2.0945745875224446,0.8127911111111111,0.274689848566917,0.0002,0.016
20261010,2-D diagnostic,0.2963236080369283,1.1588007463446643,0.8624771383077361,1.3546195093857998,0.6848177777777779,0.31233679762378797,0.0002,0.016
20261010,2-D serving,0.5987972751690704,1.0037403941080152,0.40494311893894475,0.5739994393960826,0.3355377777777779,-0.07250839092958446,0.0002,0.016
20261011,768-D,0.2601170504845875,0.41000199355571615,0.14988494307112865,1.7318374767426243,0.7498755555555555,0.24255125193143534,0.0002,0.016
20261011,64-D PCA,0.6167727426487838,1.0067493031789387,0.38997656053015495,1.982271003387403,0.7688622222222222,0.2691540781466771,0.0002,0.016
20261011,2-D diagnostic,0.18462485784708288,1.1143397592529882,0.9297149014059054,1.4966949166200338,0.7483288888888889,0.30727456209966336,0.0002,0.016
20261011,2-D serving,0.5205131719755914,1.0195506951367899,0.4990375231611984,0.7022816597622865,0.41811555555555563,-0.047106063893575245,0.0002,0.016
20261012,768-D,0.2791586221434402,0.41181301505990914,0.1326543929164689,1.3478865763637442,0.6643111111111112,0.185949393076918,0.0002,0.016
20261012,64-D PCA,0.6620711610154444,1.0091131211275304,0.347041960112086,1.8274752704293402,0.7501866666666667,0.2319614635173416,0.0002,0.016
20261012,2-D diagnostic,0.20998924990654882,1.1312808365309608,0.921291586624412,1.406868715549987,0.69464,0.34813875909522257,0.0002,0.016
20261012,2-D serving,0.4812982528055362,0.9046950643791577,0.4233968115736215,0.5839273423708347,0.3266755555555555,-0.10986282817590728,0.0002,0.016
20261013,768-D,0.26386936742339184,0.4043022057041718,0.14043283828077996,1.393327439060406,0.6940799999999999,0.20540614672153837,0.0002,0.016
20261013,64-D PCA,0.6376363133495351,1.0072525348673118,0.36961622151777673,1.7971760721600654,0.7403555555555555,0.24660993789788094,0.0002,0.016
20261013,2-D diagnostic,0.3385607584757814,1.1485839346753823,0.810023176199601,1.232147572188066,0.6135555555555555,0.18596893042774076,0.0002,0.016
20261013,2-D serving,0.5831160238498994,0.9372006442250028,0.35408462037510346,0.5108574122470565,0.29656888888888894,-0.04736017220748806,0.0002,0.016
20261014,768-D,0.2759491754921209,0.41486042290360353,0.13891124741148264,1.4406209512715062,0.6842755555555555,0.2140234219275557,0.0002,0.016
20261014,64-D PCA,0.6555785230053396,1.01237680378529,0.35679828077995046,1.8946655043618297,0.7412622222222224,0.26617624269709395,0.0002,0.016
20261014,2-D diagnostic,0.4343523074389122,1.130784690251504,0.6964323828125918,1.067026108548385,0.5610666666666667,0.1496848482670748,0.0002,0.016
20261014,2-D serving,0.612509106394291,0.9723310344615301,0.3598219280672391,0.48776360656809087,0.27924444444444435,-0.1445817382348457,0.0002,0.016
20261015,768-D,0.2608223278652913,0.39318226486879204,0.13235993700350074,1.4936567135722192,0.7088533333333333,0.20849531610484423,0.0002,0.016
20261015,64-D PCA,0.6592934573056948,1.0092255839902684,0.34993212668457363,1.8454326043620282,0.731431111111111,0.2534903740886103,0.0002,0.016
20261015,2-D diagnostic,0.36206456163378503,1.1384909632947602,0.7764264016609752,1.1776016108677163,0.5960266666666666,0.2142198035623611,0.0002,0.016
20261015,2-D serving,0.6472129042915074,0.989423720392256,0.34221081610074866,0.4800122058475292,0.30307555555555554,-0.07417455824440794,0.0002,0.016
20261016,768-D,0.2565509117080592,0.41786760652441146,0.16131669481635225,1.7145178106575807,0.7815200000000001,0.2822779366053373,0.0002,0.016
20261016,64-D PCA,0.6039687214691372,1.0287353789752458,0.42476665750610865,2.4543008740119503,0.8683555555555557,0.3277596388709345,0.0002,0.016
20261016,2-D diagnostic,0.17634420308142523,1.1004851461056924,0.9241409430242671,1.436888897186323,0.7222044444444445,0.30987877451852835,0.0002,0.016
20261016,2-D serving,0.47084651830255503,0.9972241251820787,0.5263776068795236,0.7417427245835964,0.4224533333333333,-0.01549384069941917,0.0002,0.016
20261017,768-D,0.26023459570528373,0.4008743237719584,0.14063972806667469,1.5250322891444865,0.6978755555555556,0.23166702987766083,0.0002,0.016
20261017,64-D PCA,0.6400858440046546,1.032573516189543,0.39248767218488845,2.1965010473879203,0.8098844444444444,0.28974239613142183,0.0002,0.016
20261017,2-D diagnostic,0.2626677793793962,1.126723310550356,0.8640555311709598,1.3471772146303254,0.6803644444444445,0.32344696392967287,0.0002,0.016
20261017,2-D serving,0.6330595085952087,1.0125370624800936,0.3794775538848849,0.521295049665674,0.3037244444444444,-0.09511496644406313,0.0002,0.016
20261018,768-D,0.26949671029426747,0.3915966222576263,0.12209991196335884,1.4224240251798554,0.6730577777777779,0.19531343769895315,0.0002,0.016
20261018,64-D PCA,0.6800254665928477,1.0117342799269253,0.33170881333407765,1.8496065687297687,0.7373955555555556,0.23458761641337478,0.0002,0.016
20261018,2-D diagnostic,0.3533199351209886,1.1336919608456792,0.7803720257246907,1.1972426236258713,0.6349155555555556,0.2726621866151686,0.0002,0.016
20261018,2-D serving,0.6634662365260382,0.9818485531623717,0.31838231663633354,0.45439210769933247,0.27192888888888883,-0.09506485553328442,0.0002,0.016
20261019,768-D,0.2697454596604264,0.41490982683126104,0.14516436717083464,1.7378872700309786,0.7710577777777778,0.252306032878721,0.0002,0.016
20261019,64-D PCA,0.6334581941389033,1.0133797892558218,0.3799215951169186,2.1612723559211777,0.8242222222222222,0.285504947336727,0.0002,0.016
20261019,2-D diagnostic,0.3391645029512126,1.1438964184809608,0.8047319155297482,1.2454075184391005,0.6261155555555555,0.1616110731423285,0.0002,0.016
20261019,2-D serving,0.5335373054908378,0.9659775558034678,0.43244025031263,0.6188900442324647,0.3798933333333334,0.04889301262325481,0.0002,0.016
20261020,768-D,0.24626321737541426,0.4030739646629937,0.15681074728757946,1.684439676946523,0.7623111111111112,0.28677010898196076,0.0002,0.016
20261020,64-D PCA,0.5998514125308375,1.0268626386999384,0.4270112261691009,2.237620834172859,0.8255644444444444,0.3097175102089892,0.0002,0.016
20261020,2-D diagnostic,0.21377689755736157,1.136526369034897,0.9227494714775355,1.4247895237391577,0.6969155555555556,0.2773882566057921,0.0002,0.016
20261020,2-D serving,0.5181893175161351,1.0250347263551123,0.5068454088389772,0.7139012119515519,0.41656000000000004,-0.03122466303759305,0.0002,0.016
20261021,768-D,0.26173717835885196,0.41002941746504595,0.148292239106194,1.62323000665561,0.7237866666666667,0.23734272564623982,0.0002,0.016
20261021,64-D PCA,0.6327387774073304,1.022844165540039,0.3901053881327087,2.125924360014542,0.7722044444444445,0.2914979868615361,0.0002,0.016
20261021,2-D diagnostic,0.32713829792646176,1.1199738757024185,0.7928355777759567,1.1837700969924592,0.6426577777777778,0.24452087406337217,0.0002,0.016
20261021,2-D serving,0.5806050713812866,1.0128248399305395,0.4322197685492529,0.6006915847795954,0.36296,-0.06988566386320542,0.0002,0.016
20261022,768-D,0.26073370894118947,0.409120589884608,0.1483868809434185,1.6575091426527997,0.7867466666666667,0.2329946862373884,0.0002,0.016
20261022,64-D PCA,0.6192378786392947,1.0049604248219988,0.3857225461827041,2.047863732039564,0.82488,0.2672211315014961,0.0002,0.016
20261022,2-D diagnostic,0.2893955102227497,1.1466401568016518,0.8572446465789021,1.316376908088231,0.6736266666666667,0.2246639133665871,0.0002,0.016
20261022,2-D serving,0.5102141032925153,0.9967788464918981,0.4865647431993828,0.7071846816743979,0.4011111111111111,-0.0021568193525892208,0.0002,0.016
20261023,768-D,0.264975163770942,0.3935191261546577,0.12854396238371568,1.437536193146301,0.6914488888888889,0.18635789396667632,0.0002,0.016
20261023,64-D PCA,0.647907566431493,0.9883595099212903,0.34045194348979724,1.755717042588601,0.7367288888888888,0.22957612708399594,0.0002,0.016
20261023,2-D diagnostic,0.34700431777232077,1.140803633580464,0.7937993158081433,1.212384124141184,0.618488888888889,0.24338254118423172,0.0002,0.016
20261023,2-D serving,0.6210473476054235,0.996715961315391,0.3756686137099675,0.5015358605763313,0.2941066666666667,-0.14488286983510723,0.0004,0.016
20261024,768-D,0.27031057751377596,0.41157179652785725,0.14126121901408129,1.4695160574306625,0.7164355555555556,0.22272863320765401,0.0002,0.016
20261024,64-D PCA,0.6459420914754678,1.0082909561521682,0.36234886467670047,1.9500054949321408,0.7722311111111111,0.27583194491977053,0.0002,0.016
20261024,2-D diagnostic,0.367597946274478,1.1530857498821112,0.7854878036076332,1.1775997159037592,0.5976888888888889,0.1396988827925712,0.0002,0.016
20261024,2-D serving,0.6061121273757325,1.0012543302768462,0.3951422029011137,0.5447899297928448,0.3016444444444443,-0.09025490504403155,0.0002,0.016
