seed,space,intra_cosine_distance,inter_cosine_distance,difference,silhouette
20261004,768-D SapBERT,0.35908278822898865,0.3617952764034271,0.0027124881744384766,-0.01137262862175703
20261004,64-D PCA,0.9879486925962873,0.9965005089226755,0.00855181632638824,-0.011936146114955897
20261004,2-D PCA display,0.9870231102796667,0.9709964932417788,-0.01602661703788788,-0.05441808386974672
20261005,768-D SapBERT,0.3541282117366791,0.36127522587776184,0.007147014141082764,-0.02396581694483757
20261005,64-D PCA,0.9797879333890894,1.0017807388532145,0.021992805464125076,-0.013221344695781134
20261005,2-D PCA display,0.975333448438744,1.0082389187674436,0.032905470328699615,-0.09748486794797248
20261006,768-D SapBERT,0.35877636075019836,0.3636608123779297,0.004884451627731323,-0.01571885496377945
20261006,64-D PCA,0.9848215301444194,1.0004649808817472,0.015643450737327758,-0.016774921443525968
20261006,2-D PCA display,0.9644353031069903,0.9893288652661754,0.024893562159185034,-0.10572310532475018
20261007,768-D SapBERT,0.3678777813911438,0.3742915391921997,0.006413757801055908,-0.022622065618634224
20261007,64-D PCA,0.982821558543255,1.0022914378302232,0.019469879286968195,-0.015339657224424288
20261007,2-D PCA display,0.9677323445742559,0.9942628224804173,0.026530477906161365,-0.10465140103195605
20261008,768-D SapBERT,0.3596137464046478,0.36674875020980835,0.0071350038051605225,-0.01749175600707531
20261008,64-D PCA,0.9812858800037966,1.004540813993825,0.023254933990028426,-0.011143467840670496
20261008,2-D PCA display,0.9956361508841811,1.0047364877482445,0.009100336864063419,-0.08509194316593487
20261009,768-D SapBERT,0.36739975214004517,0.3738085925579071,0.0064088404178619385,-0.032835762947797775
20261009,64-D PCA,0.9863627569953283,1.0053215061356673,0.018958749140339015,-0.01381995601470333
20261009,2-D PCA display,0.9817354342540863,1.006152728612989,0.02441729435890272,-0.10676535301017548
20261010,768-D SapBERT,0.3707016706466675,0.3771105110645294,0.0064088404178619385,-0.013304485939443111
20261010,64-D PCA,0.9829948333330578,1.002805065793682,0.01981023246062419,-0.009414708576018704
20261010,2-D PCA display,0.9847763997318614,1.003814746442784,0.019038346710922638,-0.1029037886986217
20261011,768-D SapBERT,0.36091065406799316,0.36356407403945923,0.0026534199714660645,-0.01858699880540371
20261011,64-D PCA,0.9916817048021724,1.000865853260971,0.009184148458798669,-0.016488072815032107
20261011,2-D PCA display,1.0080897512175657,0.9967198213800104,-0.01136992983755536,-0.06599506869291617
20261012,768-D SapBERT,0.360093891620636,0.36521634459495544,0.005122452974319458,-0.012722865678369999
20261012,64-D PCA,0.9875631486177305,1.0034450333665026,0.015881884748772057,-0.009293015313339007
20261012,2-D PCA display,0.9957816793542258,0.9936989306134157,-0.0020827487408100476,-0.078946016716491
20261013,768-D SapBERT,0.3477723300457001,0.35299792885780334,0.0052255988121032715,-0.018113624304533005
20261013,64-D PCA,0.9853900229984778,1.0009420706458196,0.01555204764734186,-0.010353107694792378
20261013,2-D PCA display,1.0020842765089442,0.9974544982046541,-0.004629778304290011,-0.07914917063461467
20261014,768-D SapBERT,0.35668274760246277,0.36416634917259216,0.0074836015701293945,-0.006127883214503527
20261014,64-D PCA,0.9770479068505099,1.0011216634496813,0.024073756599171436,-0.0011476870098597724
20261014,2-D PCA display,0.9990602089745041,0.9956450758402493,-0.0034151331342547886,-0.08166342544772366
20261015,768-D SapBERT,0.3681119978427887,0.3736521303653717,0.005540132522583008,-0.022237630560994148
20261015,64-D PCA,0.9833454839743139,1.0003849446282598,0.017039460653945904,-0.015132110852152976
20261015,2-D PCA display,0.9802828026391367,0.9968902604669219,0.016607457827785166,-0.0919787425110666
20261016,768-D SapBERT,0.35786864161491394,0.360511839389801,0.002643197774887085,-0.017725901678204536
20261016,64-D PCA,0.9896189155034537,0.9980630361573354,0.00844412065388167,-0.012621638190298037
20261016,2-D PCA display,0.996434682972304,1.0008855179581586,0.004450834985854635,-0.08089649371621148
20261017,768-D SapBERT,0.36312782764434814,0.36570826172828674,0.0025804340839385986,-0.02792838029563427
20261017,64-D PCA,0.9900296735233166,0.997284723085589,0.007255049562272409,-0.013432431051811196
20261017,2-D PCA display,0.9973342574131147,0.9816685516573731,-0.015665705755741555,-0.05197718622319767
20261018,768-D SapBERT,0.3624945282936096,0.3719639182090759,0.009469389915466309,-0.010587024502456188
20261018,64-D PCA,0.974879228023739,1.0042083290737467,0.029329101050007633,-0.003344291358460506
20261018,2-D PCA display,0.9869611962085155,1.0025421812756108,0.015580985067095265,-0.09337970158417881
20261019,768-D SapBERT,0.3671490252017975,0.3713880181312561,0.004238992929458618,-0.022745180875062943
20261019,64-D PCA,0.9903426966161687,1.0037219155366623,0.013379218920493652,-0.01365817026860532
20261019,2-D PCA display,0.9978667932636338,1.0071997223817957,0.009332929118161859,-0.0886549055296224
20261020,768-D SapBERT,0.3563472330570221,0.3607408106327057,0.004393577575683594,-0.02307244949042797
20261020,64-D PCA,0.9883696269243759,1.0031547911458738,0.014785164221497893,-0.01568162736243061
20261020,2-D PCA display,0.9808433468571369,1.0005759587082392,0.01973261185110231,-0.10214470967351438
20261021,768-D SapBERT,0.3604772090911865,0.3665541410446167,0.006076931953430176,-0.015819666907191277
20261021,64-D PCA,0.9836428881826037,1.0024517209353252,0.018808832752721494,-0.007332022847471974
20261021,2-D PCA display,1.0086593001602813,0.9962546032003116,-0.012404696959969708,-0.06504905485989532
20261022,768-D SapBERT,0.36691778898239136,0.3730129599571228,0.006095170974731445,-0.019533049315214157
20261022,64-D PCA,0.988134093489739,1.0061604125528274,0.01802631906308838,-0.005641786163016839
20261022,2-D PCA display,1.0027008503307597,1.0002345819800675,-0.002466268350692191,-0.08875544452105576
20261023,768-D SapBERT,0.3617742657661438,0.3662170469760895,0.004442781209945679,-0.022544007748365402
20261023,64-D PCA,0.988814745238211,1.0032001665741366,0.014385421335925574,-0.013603939863297452
20261023,2-D PCA display,1.006304372170368,0.9996504132469608,-0.006653958923407144,-0.07988179967060823
