feature,mean_abs_standardized_coefficient
num__Age,1.117101868125764
num__Heart_Rate,3.4648431655103336
num__Systolic_BP,2.551063228595245
num__Diastolic_BP,3.0019449085125562
num__Temperature,0.8470818714139295
num__SpO2,0.9649720909950987
num__avpu_ord,1.4618027341430804
num__Age^2,1.249002980475117
num__Age Heart_Rate,0.45270683785443255
num__Age Systolic_BP,0.7671950056804125
num__Age Diastolic_BP,0.41978076919358387
num__Age Temperature,1.5943014154815751
num__Age SpO2,3.21167505943131
num__Age avpu_ord,0.06852614652958049
num__Heart_Rate^2,3.5532589611755268
num__Heart_Rate Systolic_BP,2.0155574258868296
num__Heart_Rate Diastolic_BP,2.160139973642738
num__Heart_Rate Temperature,2.1437005042986237
num__Heart_Rate SpO2,3.4276817998462694
num__Heart_Rate avpu_ord,0.613323936427316
num__Systolic_BP^2,11.319288176609067
num__Systolic_BP Diastolic_BP,1.7300655758033212
num__Systolic_BP Temperature,3.80192625799816
num__Systolic_BP SpO2,6.18868001507027
num__Systolic_BP avpu_ord,0.5402091102761015
num__Diastolic_BP^2,3.133190306299277
num__Diastolic_BP Temperature,2.326529113471966
num__Diastolic_BP SpO2,3.043627375202407
num__Diastolic_BP avpu_ord,1.2438587967621233
num__Temperature^2,1.1486022528096147
num__Temperature SpO2,2.752404436112916
num__Temperature avpu_ord,2.4663739659925064
num__SpO2^2,4.7405731904366855
num__SpO2 avpu_ord,6.029217834894137
num__avpu_ord^2,1.4618027341430804
cat__Gender_Female,0.7624179911897686
cat__Gender_Male,0.7978997496700598
cat__Mode_of_Arrival_Ambulance,0.5126753249182204
cat__Mode_of_Arrival_Walk-in,0.46949151988166316
cat__Mode_of_Arrival_Wheelchair,0.46289162326211286
cat__ECG_Status_Abnormal,1.386376098137263
cat__ECG_Status_Anterior MI,1.6737570128817083
cat__ECG_Status_Arrhythmia,0.8947891643926054
cat__ECG_Status_Atrial fibrillation,0.810288415748099
cat__ECG_Status_Inferior MI,1.3549533654829076
cat__ECG_Status_Normal,0.8704447735176246
cat__ECG_Status_ST depression,0.7703054461465367
cat__ECG_Status_ST elevation,4.835285573362124
cat__ECG_Status_Sinus tachycardia,1.8295960363322423
cat__ECG_Status_T wave inversion,1.4492635384181058
PCA_1,0.21604843594017814
PCA_2,0.11569394861499838
PCA_3,0.3651887187890044
PCA_4,0.4210478950711469
PCA_5,0.11449240685510308
PCA_6,0.33852509128232067
PCA_7,0.4074144585915134
PCA_8,0.24349946018466356
PCA_9,0.2054170704251707
PCA_10,0.20781391220812348
PCA_11,0.32565149009854444
PCA_12,0.16139143508169082
PCA_13,0.19765109434389394
PCA_14,0.5446590692808253
PCA_15,0.06915494529171172
PCA_16,0.42442002128852707
PCA_17,0.16300341706331017
PCA_18,0.4113483429810468
PCA_19,0.42871679882892244
PCA_20,0.4116731267950108
PCA_21,0.4260119018188992
PCA_22,0.09931543913866395
PCA_23,0.33701067450626154
PCA_24,0.22984605353002519
PCA_25,0.09072153872165911
PCA_26,0.21814841165158258
PCA_27,0.33624975716315475
PCA_28,0.3831407227165905
PCA_29,0.30031837783654064
PCA_30,0.18820404578317063
PCA_31,0.3519707141301667
PCA_32,0.12102515972213553
PCA_33,0.057395373261703166
PCA_34,0.3220341743063519
PCA_35,0.16845347092827012
PCA_36,0.05217930806593865
PCA_37,0.0718646017177048
PCA_38,0.05102654249137042
PCA_39,0.1492657794866627
PCA_40,0.1814305743133115
PCA_41,0.08184476378431516
PCA_42,0.10858135661492774
PCA_43,0.087322469646682
PCA_44,0.04907974559047073
PCA_45,0.16824234756925713
PCA_46,0.060810127702138145
PCA_47,0.08364163480463813
PCA_48,0.07365377953195221
PCA_49,0.05820232998153528
PCA_50,0.11893001524056343
PCA_51,0.040319528623561196
PCA_52,0.06929959625439969
PCA_53,0.08908275734970225
PCA_54,0.1276351514498436
PCA_55,0.03590107091985581
PCA_56,0.15027038855184074
PCA_57,0.06368088534539312
PCA_58,0.1526059157972683
PCA_59,0.0973766565520826
PCA_60,0.08887585783263077
PCA_61,0.029632350949701312
PCA_62,0.1893824508246188
PCA_63,0.036518891807061
PCA_64,0.06276449333141557
PCA_65,0.12587262818049524
PCA_66,0.0360902373111388
PCA_67,0.13271033123525094
PCA_68,0.09327370290862033
PCA_69,0.024825099844747497
PCA_70,0.0999247881842636
PCA_71,0.06211764771847339
PCA_72,0.04389041715867817
PCA_73,0.06836359887306315
PCA_74,0.024165825732656784
PCA_75,0.04111134063333058
PCA_76,0.05793214831044185
PCA_77,0.09252242343873823
PCA_78,0.13707672670034843
PCA_79,0.03612190005558536
PCA_80,0.09614733649364307
PCA_81,0.06612157139381389
PCA_82,0.02521229628246178
PCA_83,0.07279767632127856
PCA_84,0.08150107755737618
PCA_85,0.05573189313376892
PCA_86,0.05896227385767917
PCA_87,0.026096970587773206
PCA_88,0.01733201146148793
PCA_89,0.03426798994208945
PCA_90,0.052420952331226116
PCA_91,0.08180713811505073
PCA_92,0.14277175573373166
PCA_93,0.03730259764069031
PCA_94,0.006207612346476378
PCA_95,0.03862321448196434
PCA_96,0.04135893625173134
PCA_97,0.06249670279835841
PCA_98,0.07439430849903976
PCA_99,0.03100540644452958
PCA_100,0.018141407642763237
PCA_101,0.049473637028230884
PCA_102,0.06673880455185509
PCA_103,0.05239550530424032
PCA_104,0.04057813780623185
PCA_105,0.012149816406142436
PCA_106,0.07470770071627932
PCA_107,0.018935542967465677
PCA_108,0.04792030697784752
PCA_109,0.09234938627830927
PCA_110,0.0848581324316193
PCA_111,0.013165066039288638
PCA_112,0.020032376691421754
PCA_113,0.06510086431124384
PCA_114,0.048748951345268646
PCA_115,0.04129087430004459
PCA_116,0.0468593244094935
PCA_117,0.030840485342103104
PCA_118,0.08094927776253631
PCA_119,0.07994093931141737
PCA_120,0.06095526512958708
PCA_121,0.046271326510159354
PCA_122,0.05529246377792445
PCA_123,0.023587106069876598
PCA_124,0.035179733313810004
PCA_125,0.06438683736008663
PCA_126,0.010201535058489013
PCA_127,0.04221492599556097
PCA_128,0.034401968294371706
mild_word,1.055646099200505
strong_word,1.9005992962039207
sudden_word,0.6058147144058783
exertion_word,1.1170735824011373
radiation_phrase,1.4478686276319706
breathing_phrase,2.600969428278338
fainting_word,2.0229805507245247
sweating_word,1.2833141910765176
nausea_word,0.3205333907960968
family_word,0.2647998184340307
history_word,0.3287857329254561
hypertension_word,0.2813824680062344
diabetes_word,0.4995915956664813
negation_word,0.20054961548461797
night_word,0.6851191043139779
morning_word,0.730335972528968
duration_known,2.031811125451736
log_duration_minutes,2.8825212246227263
duration_ambiguous,0.0
