classifier,variant,fraction,train_rows,train_f1,train_accuracy,macro_f1,f1_std,accuracy,precision,recall,emergency_recall,under_triage
hgb,baseline,0.25,1601.8,1.0,1.0,0.7919645556960814,0.011619253902944009,0.78452927857589,0.793145997210536,0.7932351539015168,0.8786852029042608,0.1088590724547158
hgb,baseline,0.5,3202.0,0.9998359286883597,0.9998125390502967,0.8263368001398905,0.004994675984454026,0.8202729544034979,0.8267999658680157,0.828081881824357,0.904427684283597,0.09173735165521549
hgb,baseline,0.75,4801.6,0.9994410984465357,0.9993751821994957,0.8387882442352232,0.008239807719211522,0.8336474078700812,0.8404202053084099,0.8397090330152424,0.9056621826982608,0.08711118051217988
hgb,baseline,1.0,6400.8,0.998096794217636,0.9979065233947821,0.8476254532903689,0.008009956575769209,0.8426462367270456,0.8486004253287225,0.8483595178114985,0.9038048066640402,0.08486203935040598
hgb,complaint_details,1.0,6400.8,0.99926633361,0.9991876122871426,0.8807110462649075,0.009467643626477968,0.8765174890693317,0.881914185279083,0.8810541201381568,0.9289225342864113,0.06573953778888195
hgb,concept_details,1.0,6400.8,0.9984592563045889,0.9983127196922356,0.8601697719846462,0.010255909263604314,0.8553952217364147,0.8612719259990304,0.8608201815486455,0.9148327423500497,0.07886305434103684
logreg,baseline,0.25,1601.8,0.9548822044031819,0.9525478714496167,0.8301472650845889,0.010569133768799043,0.8238991255465334,0.8303225553412116,0.8308290752534525,0.8872347610739011,0.08786266396002498
logreg,baseline,0.5,3202.0,0.9210279630749489,0.9172384095036593,0.8537926539819072,0.007412388716352526,0.8483951436602124,0.8526828765016656,0.8557948461169309,0.9160447271158139,0.07336422548407244
logreg,baseline,0.75,4801.6,0.9085306163375314,0.9046146523344871,0.8596667941334225,0.007576926781708482,0.8548938944409743,0.8583034289185726,0.8619477740652416,0.9178795895011351,0.0717399281698938
logreg,baseline,1.0,6400.8,0.9022819425333022,0.8982313603343227,0.8657311532795312,0.00703005191125389,0.8608925671455341,0.8643676686798308,0.8680735343475707,0.9264591658693083,0.06999000624609616
logreg,complaint_details,1.0,6400.8,0.9352214858228087,0.9323835631151383,0.8938323929200342,0.004975789220249647,0.8898893660212368,0.8933803117070678,0.894948452607573,0.9362676122399204,0.054867816989381625
logreg,concept_details,1.0,6400.8,0.9184106554402188,0.9149169416887986,0.8783426085152201,0.01056026207001668,0.8740160056214865,0.8769806391207744,0.8805302939429387,0.9338173767846758,0.06324086508432229
rf,baseline,0.25,1601.8,1.0,1.0,0.7453574253753652,0.015294459286165456,0.7474054497189256,0.7687036358928114,0.7591379665056553,0.9466970600926812,0.11573360399750157
rf,baseline,0.5,3202.0,1.0,1.0,0.7712881760687391,0.009967800459766408,0.7722774828232355,0.7939218427982433,0.7834124624322054,0.964482842723401,0.10336055590256091
rf,baseline,0.75,4801.6,1.0,1.0,0.7799162945527927,0.004176262812702661,0.7801518582136164,0.8030238965671019,0.7901622246441199,0.9644622052119096,0.10161039975015615
rf,baseline,1.0,6400.8,1.0,1.0,0.7920530546486098,0.0033839902645951578,0.7912756870705808,0.811102442665654,0.8003993144998844,0.959559858164012,0.09698563397876327
rf,complaint_details,1.0,6400.8,1.0,1.0,0.8032355071255918,0.00785424645495395,0.8023999063085572,0.822074812931732,0.8100754079345596,0.9589444850940883,0.08723633666458462
rf,concept_details,1.0,6400.8,1.0,1.0,0.7999835422901814,0.005698401124625528,0.7992753747657714,0.8203309978768946,0.8075808274721499,0.9632408397591039,0.09148586820737038
