candidate,macro_f1,accuracy,emergency_recall
cat_detail128_depth4,0.8594166595250771,0.8556443628981887,0.9424044577024822
cat_detail128_depth6,0.8630122371830348,0.8587691286695815,0.9381137314496915
cat_detail64_depth4,0.8685831585353888,0.8651435040599627,0.9424138383895236
cat_detail64_depth6,0.8723336639064222,0.8687678794503435,0.9325978874692783
svc_detail128_c1,0.8519528706491485,0.8470195190505934,0.8866494062025103
svc_detail128_c10,0.8549056766581524,0.8503938163647721,0.8921727547325566
svc_detail128_c100,0.8423903349668734,0.8373957682698313,0.8707472655297274
xgb_detail128_depth4,0.8584502327805026,0.8536452217364147,0.9289206581490028
xgb_detail128_depth6,0.854225364695958,0.8497701436602124,0.9215812086077184
xgb_detail64_depth4,0.8639198835332687,0.8595188944409744,0.9185080955329168
xgb_detail64_depth6,0.859112030950055,0.8550192848219863,0.9117727622371061
