candidate,accuracy,precision_macro,recall_macro,macro_f1,qwk,mae,under_triage_rate,over_triage_rate,emergency_recall
lr_hgb_ordinal_154,0.9031385852592131,0.906768757406495,0.9073400536067406,0.9065531212225345,0.9560459696905053,0.09711141474078701,0.04774266083697689,0.04911875390381012,0.9509802817958388
lr_hgb_ordinal_252,0.9020138975640226,0.9059221514183511,0.9062812989887099,0.9055735265979001,0.9555250669116712,0.09823610243597751,0.04886742660836977,0.04911867582760775,0.950982157933247
lr_hgb_0.45,0.9015139756402248,0.905094822290676,0.9059058697325872,0.9050304365516043,0.955340405790128,0.09873602435977515,0.04874258276077452,0.049743441599000626,0.9503649087259151
lr_hgb_0.5,0.9011391317926296,0.9049623753733945,0.9054562452605535,0.9046998327048712,0.9551376966918843,0.09911086820737039,0.0487423485321674,0.050118519675203,0.9503686610007318
lr_hgb_0.55,0.9008892098688319,0.9047577650493507,0.9051492319497594,0.904461039844287,0.9550117452454915,0.09936079013116803,0.04974211430356028,0.04936867582760775,0.949141667135701
lr_hgb_ordinal_442,0.9005138975640226,0.9040946381129158,0.9049955776754247,0.9039954425383415,0.954918038656694,0.09973610243597751,0.04924281698938164,0.05024328544659588,0.9503667848633235
lr_hgb_0.4,0.9001388194878202,0.9038368223456381,0.9046261520074005,0.9036795903153424,0.9547347723453112,0.10011118051217989,0.049242973141786384,0.050618207370393506,0.9503667848633235
lr_hgb_0.6,0.8998890537164271,0.9038042090669111,0.9040185816027527,0.9034060278813204,0.9543768918709569,0.10048594628357277,0.05111711430356027,0.04899383198001249,0.9472993002007467
lr_hgb_0.35,0.8991388194878202,0.9026147098011987,0.9037229495876309,0.902672216365081,0.954311441394321,0.10111118051217989,0.050242973141786385,0.050618207370393506,0.9479146732706702
lr_hgb_cat,0.8987640537164273,0.9021897857787632,0.9033932090922843,0.9022843844127401,0.9541673352912546,0.10148594628357277,0.050117973141786384,0.051117973141786385,0.9491397909982927
lr_hgb_0.25,0.8981390537164273,0.9015728965908665,0.9028120807121324,0.901747089621086,0.9536878936860008,0.10223594628357277,0.049868051217988756,0.05199289506558401,0.9473011763381549
lr_xgb_0.5,0.8975139756402248,0.9009016650593062,0.9021828294613103,0.9009224383152455,0.9536558402043509,0.10273602435977514,0.0509923485321674,0.05149367582760774,0.95037053713814
lr_hgb_0.65,0.8967643660212368,0.9006981681377173,0.9010140939259808,0.9003526248962268,0.9528131761470583,0.1037355559025609,0.05286688007495316,0.05036875390381011,0.9448490647455019
lr_hgb_0.1,0.8956389756402249,0.8988051683670892,0.9007066684437304,0.8993659357305006,0.9526237451148079,0.10473602435977514,0.05149312929419113,0.052867895065584015,0.9454606855406091
lr_cat_0.5,0.8960145221736415,0.8990994039303783,0.9006176737746008,0.8992877492776333,0.9530017083273423,0.10423547782635852,0.0509923485321674,0.05299312929419113,0.947918425545487
lr_xgb_0.25,0.8955140537164272,0.8987690486564212,0.900270327350758,0.8990858402644676,0.9525383093636931,0.10486094628357276,0.05111805121798876,0.053367895065584016,0.9448490647455019
lr_lr64_0.5,0.8952640537164273,0.8985727712907255,0.9000581797402003,0.8988950482784789,0.9525598635743073,0.10498594628357276,0.051367973141786386,0.05336797314178639,0.9411793399748598
lr_cat_0.25,0.8948890537164272,0.8982426146114427,0.8996346132341987,0.8985239610380692,0.9522339278088173,0.10548594628357277,0.05111812929419113,0.05399281698938163,0.9454644378154257
lr_xgb_0.1,0.8945139756402248,0.8977704882884258,0.8995442403863926,0.8982866052371683,0.952096759421641,0.10586102435977514,0.05211812929419113,0.053367895065584016,0.9442336916755784
lr_cat_0.1,0.8940139756402248,0.8970931533860342,0.8990777041195613,0.8977275393094344,0.9518913802829122,0.10636102435977515,0.05199312929419113,0.05399289506558401,0.9436239470178795
lr_lr64_0.1,0.8928890537164271,0.8961522842618483,0.8978594655675322,0.8966157474969327,0.951354779154757,0.10748594628357275,0.05261812929419113,0.05449281698938163,0.9405602146301195
lr_lr64_0.25,0.8927642879450344,0.8961097876594255,0.897655447979983,0.8965104912424436,0.9512701026334536,0.10761071205496564,0.05274305121798876,0.05449266083697689,0.9393369730399055
lr,0.8927641317926296,0.8959046161093838,0.8978261289458624,0.8964761527471519,0.9513326087537394,0.10761086820737038,0.05311812929419113,0.05411773891317926,0.9405620907675278
lr_hgb_0.75,0.8901400687070581,0.8949140687413065,0.8941784804367824,0.8938889671590438,0.9497597664905715,0.11035985321673954,0.0577408650843223,0.05211906620861961,0.938729104519615
lr_hgb_0.9,0.8823915521549033,0.8875341831072276,0.8868146810996749,0.8864463505733479,0.9461306429303052,0.11823329169269207,0.06311492816989381,0.054493519675202995,0.9338248813343089
