candidate,macro_f1,f1_std,accuracy,precision,recall,emergency_recall,under_triage
lr_quad128_c100,0.8657311532795312,0.007030051911253879,0.8608925671455341,0.8643676686798308,0.8680735343475707,0.9264591658693083,0.06999000624609616
lr_pca128_c100_balanced0,0.8656928329015144,0.005870605755870099,0.860517957526546,0.8664431792665226,0.8657352465891466,0.9160390987035891,0.06949031855090568
lr_refine128_c300,0.8649561591595664,0.007528386935711015,0.8600176452217365,0.8636268435719054,0.8670888006971346,0.925228419729461,0.0693658650843223
lr_pca128_c1000_balanced1,0.8647794419138026,0.006893650633470723,0.8597674890693316,0.8636226779869507,0.8666813246191616,0.922776308136808,0.0694908650843223
lr_quad128_c300,0.8647587284145924,0.006752343253017134,0.8598924890693317,0.8635698900941703,0.8668065679431081,0.92339355734414,0.07036547470331042
lr_pca128_c100_balanced1,0.8645830530751608,0.005799040237294475,0.859767567145534,0.863329571670875,0.8667507195742525,0.9264554135944916,0.06874070893191754
lr_quadratic64_c100_balanced1,0.8640531921938507,0.008003665592716043,0.8592685821361649,0.8629940703287927,0.8663045898576243,0.928303408941671,0.06924008432229856
lr_pca128_c10_balanced0,0.863902097162085,0.005659460959566342,0.8583934259837601,0.8657957872060476,0.8633479312592881,0.9172679687060281,0.06911469394128668
lr_refine128_c30,0.8631911590396613,0.005114711553146007,0.8581430356027482,0.8619395399651829,0.8654668653769392,0.9289094013245529,0.06899039662710804
lr_quadratic64_c100_balanced0,0.8630821855130538,0.005065593186301093,0.8581433479075578,0.8639788807304793,0.8631942553793875,0.9105326354102175,0.07123977201748906
lr_refine64_c30,0.8625835115763258,0.0061233442918506185,0.8575187382885696,0.8615024506310247,0.865051482368286,0.9350424945122982,0.07011469394128668
lr_pca128_c1000_balanced0,0.8624210701923996,0.004676866418106398,0.8571431136789507,0.8632318941434924,0.8623537230356488,0.910523254723176,0.0716152404747033
lr_pca256_c10_balanced0,0.8623578472565153,0.004366952414108057,0.8567689725171768,0.8641229915762754,0.861940812671304,0.9166619763231459,0.0699893816364772
lr_quadratic64_c10_balanced0,0.8622611772508566,0.006590869379455058,0.8571436602123672,0.8635644013055129,0.862140220582142,0.9123693739329468,0.07173930356027483
lr_quadratic64_c10_balanced1,0.8621082671637341,0.005228509032831339,0.8571429575265459,0.8607312375531937,0.8648105068565176,0.9307573966717323,0.07099000624609618
lr_pca64_c1000_balanced0,0.8619236393200408,0.005447707734536272,0.8567692067457839,0.8634366764106133,0.86147737640086,0.9093112699574117,0.07186445971267956
lr_pca64_c100_balanced1,0.8618774576912882,0.004637997394244606,0.8568934259837601,0.860858173389704,0.8640279528138235,0.930138271326992,0.0692402404747033
lr_quad256_c100,0.8617947578324795,0.009166310768803573,0.8566431917551529,0.8607941708102158,0.8634173712729585,0.9154256017710738,0.07161477201748906
lr_pca64_c100_balanced0,0.8617174775975119,0.007812897567788767,0.8565195190505934,0.8632213690631942,0.8613573947147666,0.9105363876850341,0.07186414740787009
lr_pca128_c10_balanced1,0.8615704358813294,0.004335952514534916,0.856268816364772,0.8604331949127924,0.863905945410594,0.9307480159846907,0.07011485009369144
lr_refine64_c300,0.86063646060294,0.005206403029636201,0.8555187382885696,0.8595979232243242,0.8627865781176094,0.928303408941671,0.07049016239850092
lr_pca256_c100_balanced0,0.8606256561733006,0.0056977067895513074,0.8550187382885696,0.8617945005989338,0.8601189974585874,0.9074557700605993,0.07223945971267956
lr_pca256_c10_balanced1,0.8604701741190555,0.004584267957359958,0.8551441286695814,0.8596461497504262,0.8624508197855567,0.9295247743944767,0.06961461586508433
lr_pca64_c1000_balanced1,0.8604364205582165,0.005495495418615566,0.8552688944409743,0.85927272953496,0.8626316651599453,0.927691788146564,0.07124000624609618
lr_pca64_c10_balanced1,0.8598240760732393,0.0052729156103786855,0.8546438163647719,0.8587259269932295,0.862346419626524,0.9338173767846758,0.07073953778888194
lr_pca256_c100_balanced1,0.859097312205158,0.006957614127055929,0.8536436602123672,0.8581616735742029,0.8606841176754548,0.9197125757490479,0.07036508432229856
lr_quad256_c300,0.8590103892087168,0.010692360263877258,0.8535184259837602,0.8582083514951322,0.8602756298376649,0.9123618693833138,0.07298953778888194
lr_pca64_c10_balanced0,0.8585766447356834,0.006084230260801983,0.8531445190505934,0.8603489110288066,0.8581949070148329,0.9148233616630081,0.07161399125546533
lr_pca256_c1000_balanced1,0.8514192626483835,0.00756323295752122,0.8453946752029982,0.8505134810958659,0.8527372728100943,0.9099135100654772,0.07536399125546532
lr_pca256_c1000_balanced0,0.8512148836419978,0.006741739548778676,0.8450195971267958,0.8517686710621539,0.8510603481049948,0.9031725483574415,0.07548899125546532
lr_pca128_whiten,0.8505817957750705,0.0045938285136048786,0.8451449875078076,0.849511500223697,0.8529151430363997,0.9233973096189565,0.07486399125546532
lr_pca64_whiten,0.8503666668294235,0.005670114658170214,0.8453954559650219,0.849374609000346,0.8527825954450456,0.92094895030112,0.07348945971267956
hgb_refine64_leaf7,0.8476254532903689,0.008009956575769209,0.8426462367270456,0.8486004253287225,0.8483595178114985,0.9038048066640402,0.08486203935040598
hgb_fused_64_leaf7,0.8434132007895135,0.006518296742564238,0.8381468613366646,0.8437274508807304,0.8451164342951205,0.9136001200727941,0.0858622735790131
hgb_fused_64_leaf15,0.8424180131910154,0.007564516794696245,0.8373967832604622,0.8441234273195587,0.843452363871064,0.9080955329168308,0.08598688319800124
hgb_fused_128_leaf15,0.8374570474777588,0.005938534428343236,0.832272173641474,0.839654621244289,0.838415348135887,0.9044183035965554,0.08973633666458462
lr_pca256_whiten,0.8349344474557231,0.008158147244079686,0.8288973297938789,0.8337887936147268,0.836949185562456,0.9056377929119529,0.0819875858838226
hgb_refine64_leaf31,0.8344992470677723,0.006298895303314612,0.8293977982510932,0.8362801683810339,0.8355019857264985,0.9013677041706535,0.08998594628357276
hgb_fused_128_leaf7,0.83409816511848,0.00980290827597603,0.8282735790131168,0.8349256615572017,0.8360918436929211,0.9160597362150804,0.0887361024359775
lr_quadratic64_c1_balanced1,0.8321385758926066,0.005488102712022641,0.826397798251093,0.8302114121997606,0.8364203437934142,0.9301514042888501,0.08336266396002498
lr_quadratic64_c1_balanced0,0.831965395596389,0.007256189583274248,0.8256484228607122,0.8342866008501197,0.8317845454172957,0.9025909457608675,0.08723680512179885
rf_refine64_leaf1,0.7920530546486098,0.003383990264595152,0.7912756870705808,0.811102442665654,0.8003993144998844,0.959559858164012,0.09698563397876327
rf_refine64_leaf3,0.783095699871826,0.004166100010062194,0.7832764678326046,0.8048575614175982,0.7934026117177906,0.9662933153224141,0.09923571205496565
rf_fused_64,0.7830553626157524,0.012068019905939573,0.77815427857589,0.7841156544203864,0.7875660797017422,0.8768240745952234,0.12073274515927543
rf_refine128_leaf3,0.7648111418110688,0.007574009465862245,0.7671534197376639,0.7910625581770724,0.7785434753376382,0.9662970675972309,0.10623469706433478
rf_refine128_leaf1,0.7647926681481672,0.008534318155203937,0.7664027170518426,0.7900290740736192,0.7771285495691657,0.9577156150916494,0.10898461898813241
hgb_structured_0_leaf7,0.7622837746246216,0.011836191562609158,0.7555306839475328,0.7603375760844922,0.7680169557838534,0.8737959888182211,0.1293560274828232
hgb_structured_0_leaf15,0.7587456848725372,0.009985728546709774,0.7515316989381636,0.7572944978347728,0.7632707869783469,0.863995046997242,0.1309807932542161
rf_structured_0,0.7549613365624548,0.0073461048056793505,0.7485309181761399,0.7555051140849313,0.7591229480566929,0.8603103131273334,0.1347307932542161
