id,classifier,view,derived,accuracy,precision_macro,recall_macro,macro_f1,qwk,mae,under_triage_rate,over_triage_rate,macro_f1_std,seconds,parameters,exclude_cat,encoder,pca
2a938b56deac55,hgb,fused,True,0.9932512636739791,0.993067758144199,0.9915592995987691,0.9922982089650064,0.9933186418182128,0.006748736326020854,0.003374297841698288,0.0033744384843225664,0.0009417318066758086,20.3118351109988,"{""max_iter"": 250, ""max_leaf_nodes"": 15, ""l2_regularization"": 1, ""learning_rate"": 0.1, ""balance"": true}",,minilm_complaint,32.0
74be9299c8d98f,hgb,fused,True,0.9930012479688862,0.9929250360192152,0.9910851035170548,0.991988124132721,0.9930677863488762,0.006998752031113899,0.0034992353729326707,0.003499516658181228,0.0008491823560614417,9.504283824000595,"{""max_iter"": 250, ""max_leaf_nodes"": 15, ""l2_regularization"": 1, ""learning_rate"": 0.1, ""balance"": false}",,minilm_complaint,32.0
e905b91de0ec32,hgb,fused,True,0.9926261540899345,0.9922979818912282,0.9910831601540094,0.9916766155038381,0.9927025967758479,0.007373845910065606,0.0037491104354014366,0.0036247354746641682,0.0005079682677422486,27.699910226998327,"{""max_iter"": 250, ""max_leaf_nodes"": 15, ""l2_regularization"": 1, ""learning_rate"": 0.1, ""balance"": true}",,minilm_complaint,64.0
f8d183a435b5fa,hgb,fused,True,0.992750669693296,0.9927385648899673,0.9905480135789172,0.9916242064312938,0.9928141071384685,0.007249330306704059,0.003374297841698288,0.003875032465005771,0.0007884790861189463,15.811388244001137,"{""max_iter"": 250, ""max_leaf_nodes"": 15, ""l2_regularization"": 1, ""learning_rate"": 0.1, ""balance"": false}",,sapbert_concept,32.0
0f3df5b67e1cf0,hgb,fused,True,0.9926262947325587,0.9921150556792622,0.9911517589047163,0.991623650078762,0.9927034898485622,0.007373705267441326,0.003624313546791332,0.0037493917206499936,0.0014368424066841569,62.674038420002034,"{""max_iter"": 250, ""max_leaf_nodes"": 15, ""l2_regularization"": 1, ""learning_rate"": 0.1, ""balance"": true}",,sapbert_concept,64.0
8e1de632878811,hgb,fused,True,0.9925010759160756,0.9918000754111214,0.9909946960054584,0.9913828067514788,0.9925819988084035,0.0074989240839242665,0.004249141845587526,0.003249782238336742,0.0005684163739407526,97.54254359500192,"{""max_iter"": 250, ""max_leaf_nodes"": 15, ""l2_regularization"": 1, ""learning_rate"": 0.1, ""balance"": true}",,minilm_complaint,128.0
ebf1fb91109f52,hgb,fused,True,0.9925006539882029,0.9917848163336115,0.990896943620169,0.9913283963494138,0.9925789714224532,0.007499346011797103,0.004124344956977421,0.0033750010548196825,0.0005994412498457779,114.00153181999849,"{""max_iter"": 250, ""max_leaf_nodes"": 15, ""l2_regularization"": 1, ""learning_rate"": 0.1, ""balance"": true}",,sapbert_concept,128.0
a55cdf81973008,hgb,fused,True,0.9923762790274656,0.9920876596842576,0.9903799257596213,0.9912154704562663,0.9924491088960755,0.00762372097253437,0.0038739073240115405,0.0037498136485228303,0.0009309871433171326,10.993716777000373,"{""max_iter"": 250, ""max_leaf_nodes"": 15, ""l2_regularization"": 1, ""learning_rate"": 0.1, ""balance"": false}",,mpnet_concept,64.0
8515b0261c9773,hgb,fused,True,0.9923759977422172,0.9921284790323087,0.9902483899741799,0.9911675084848475,0.9924463421110467,0.007624002257782928,0.003874188609260098,0.0037498136485228303,0.0003334619954461151,18.73685468900294,"{""max_iter"": 250, ""max_leaf_nodes"": 15, ""l2_regularization"": 1, ""learning_rate"": 0.1, ""balance"": false}",,minilm_complaint,128.0
f017b88113c7c1,hgb,fused,True,0.9922510602109827,0.9916310279771196,0.9907213721150194,0.9911674845416129,0.992333713675453,0.0077489397890173105,0.00399912614049448,0.0037498136485228303,0.0003149754844386734,34.01457602299706,"{""max_iter"": 250, ""max_leaf_nodes"": 15, ""l2_regularization"": 1, ""learning_rate"": 0.1, ""balance"": true}",,sapbert_concept,32.0
2133565338a048,hgb,fused,True,0.9922509195683583,0.9920913951176565,0.9901600619391627,0.9911074884575258,0.9923228556752065,0.007749080431641592,0.003749251078025715,0.003999829353615875,9.03385682477624e-05,10.28044816700276,"{""max_iter"": 250, ""max_leaf_nodes"": 15, ""l2_regularization"": 1, ""learning_rate"": 0.1, ""balance"": false}",,minilm_complaint,64.0
5a74e870050ad5,hgb,fused,True,0.9922507789257341,0.9921215214224662,0.9900283635546977,0.9910562820771971,0.9923196231611081,0.007749221074265869,0.0037492510780257147,0.003999969996240154,0.0006429633673315728,54.18009897199954,"{""max_iter"": 250, ""max_leaf_nodes"": 15, ""l2_regularization"": 1, ""learning_rate"": 0.1, ""balance"": false}",,sapbert_concept,128.0
83cb14aeef7e16,hgb,fused,True,0.9920018883616354,0.990826742490709,0.9910367030668533,0.9909220554170242,0.992099583401309,0.007998111638364683,0.0047487513279007776,0.0032493603104639048,0.0018238796656836484,28.197171840998635,"{""max_iter"": 250, ""max_leaf_nodes"": 15, ""l2_regularization"": 1, ""learning_rate"": 0.1, ""balance"": true}",,mpnet_concept,64.0
9b4ffa16a30e2d,hgb,fused,,0.9921257007518755,0.9926943083011474,0.9891502844562646,0.9908833414119104,0.9921810876061019,0.007874299248124531,0.003124563421853801,0.0047497358262707295,0.001081650964550012,9.176343531002203,"{""max_iter"": 300, ""learning_rate"": 0.1}",,sapbert_concept,64.0
39527dcf9cc8cf,hgb,fused,True,0.9920013257911382,0.9919974753129964,0.9894569022274643,0.9906955945315543,0.9920692088150084,0.007998674208861798,0.0037488291501528784,0.004249845058708919,0.0013142660948819225,20.121886888999143,"{""max_iter"": 250, ""max_leaf_nodes"": 15, ""l2_regularization"": 1, ""learning_rate"": 0.1, ""balance"": false}",,mpnet_concept,128.0
54fa3c8d9ba1df,hgb,fused,True,0.9917518726565423,0.990842752954319,0.9902014980609323,0.9905060725363809,0.9918426251998943,0.008248127343457727,0.004623813796666394,0.003624313546791333,0.001956436198895087,86.65066204599862,"{""max_iter"": 250, ""max_leaf_nodes"": 15, ""l2_regularization"": 1, ""learning_rate"": 0.1, ""balance"": true}",,mpnet_concept,128.0
6524432550a6c2,hgb,fused,True,0.9917514507286694,0.9915625932314329,0.9894466284970006,0.9904858283428563,0.9918268033887429,0.008248549271330563,0.0037491104354014366,0.004499438835929127,0.0012689357120091948,25.559575865001534,"{""max_iter"": 250, ""max_leaf_nodes"": 15, ""l2_regularization"": 1, ""learning_rate"": 0.1, ""balance"": false}",,sapbert_concept,64.0
1e3a0be240b62f,hgb,fused,True,0.9915012943809521,0.9909540039675103,0.989042036630906,0.9899860058522276,0.9915801809219905,0.008498705619047886,0.004124204314353143,0.0043745013046947445,0.0006332428158492045,8.018608261998452,"{""max_iter"": 250, ""max_leaf_nodes"": 15, ""l2_regularization"": 1, ""learning_rate"": 0.1, ""balance"": false}",,mpnet_concept,32.0
b6f4363e49b4f9,hgb,fused,True,0.9913764974923419,0.9899479585054048,0.9898742269607427,0.989904320103305,0.9914768408721143,0.00862350250765799,0.004998907675618101,0.00362459483203989,0.0011405844651905409,16.329600540000683,"{""max_iter"": 250, ""max_leaf_nodes"": 15, ""l2_regularization"": 1, ""learning_rate"": 0.1, ""balance"": true}",,mpnet_concept,32.0
38acfcd8ebda36,rf,structured,False,0.9911267630724975,0.9866779042809432,0.9930494627993407,0.9897408618679028,0.9913044694467065,0.008873236927502477,0.008623221222409433,0.00025001570509304447,0.0017841269651302572,5.259204578000208,"{""n_estimators"": 300, ""min_samples_leaf"": 3, ""max_features"": 0.7, ""balance"": true}",,,
0667184ae22e82,rf,fused,,0.9908767473674045,0.9860493978820566,0.9931360718019837,0.9894455932416649,0.9910673335472729,0.009123252632595521,0.009123252632595521,0.0,0.0018111883940372935,107.386407203001,"{""n_estimators"": 300, ""min_samples_leaf"": 3, ""max_features"": 0.7, ""balance"": true}",,mpnet_concept,64.0
5f798c876850e5,rf,fused,,0.9908767473674045,0.9860493978820566,0.9931360718019837,0.9894455932416649,0.9910673335472729,0.009123252632595521,0.009123252632595521,0.0,0.0018111883940372935,214.33566089199667,"{""n_estimators"": 300, ""min_samples_leaf"": 3, ""max_features"": 0.7, ""balance"": true}",,mpnet_concept,128.0
a452511ec68863,rf,fused,,0.9908767473674045,0.9860493978820566,0.9931360718019837,0.9894455932416649,0.9910673335472729,0.009123252632595521,0.009123252632595521,0.0,0.0018111883940372935,97.42125692100308,"{""n_estimators"": 300, ""min_samples_leaf"": 3, ""max_features"": 0.7, ""balance"": true}",,minilm_complaint,64.0
a69677405c2186,rf,fused,,0.9908767473674045,0.9860493978820566,0.9931360718019837,0.9894455932416649,0.9910673335472729,0.009123252632595521,0.009123252632595521,0.0,0.0018111883940372935,186.2327616900002,"{""n_estimators"": 300, ""min_samples_leaf"": 3, ""max_features"": 0.7, ""balance"": true}",,sapbert_concept,128.0
37444b1406c5fa,rf,fused,,0.9908767473674045,0.9860493978820566,0.9931360718019837,0.9894455932416649,0.9910673335472729,0.009123252632595521,0.009123252632595521,0.0,0.0018111883940372935,107.52986361900184,"{""n_estimators"": 300, ""min_samples_leaf"": 3, ""max_features"": 0.7, ""balance"": true}",,sapbert_concept,64.0
7646ab1b0cef42,rf,fused,,0.9908767473674045,0.9860493978820566,0.9931360718019837,0.9894455932416649,0.9910673335472729,0.009123252632595521,0.009123252632595521,0.0,0.0018111883940372935,154.70783142500295,"{""n_estimators"": 300, ""min_samples_leaf"": 3, ""max_features"": 0.7, ""balance"": true}",,minilm_complaint,128.0
6ee14e413fb57a,rf,structured,True,0.990251778425984,0.9869036947329834,0.991412557446281,0.9891007087166868,0.9904245641805627,0.009748221574015994,0.0071236895623482815,0.002624532011667712,0.0012738268091957775,17.537589627998386,"{""n_estimators"": 300, ""min_samples_leaf"": 3, ""max_features"": 0.7, ""balance"": true}",,,
96313af0e837aa,hgb,structured,False,0.9903767159572183,0.9888625234622839,0.9887036630531267,0.988769182264119,0.990487183217737,0.009623284042781613,0.005624017259662851,0.0039992667831187595,0.001158574008115916,4.575816640000994,"{""max_iter"": 300, ""max_leaf_nodes"": 7, ""l2_regularization"": 1, ""learning_rate"": 0.1, ""balance"": false}",,,
7efadcb4d565c4,hgb,structured,True,0.9902510752128627,0.9887309186335004,0.9886144697832088,0.9886599157047522,0.9903621590918542,0.009748924787137389,0.005624017259662851,0.004124907527474537,0.000614752351736727,10.584949740998127,"{""max_iter"": 300, ""max_leaf_nodes"": 31, ""l2_regularization"": 0, ""learning_rate"": 0.1, ""balance"": false}",,,
67aed8b0c04273,hgb,structured,False,0.9902514971407355,0.9889780292923408,0.9883519426664616,0.988654598159445,0.9903570294335043,0.009748502859264551,0.0053740015545698065,0.0043745013046947445,0.0008960002539641237,9.659606443001394,"{""max_iter"": 300, ""max_leaf_nodes"": 15, ""l2_regularization"": 1, ""learning_rate"": 0.1, ""balance"": false}",,,
96bf16156954d1,hgb,structured,False,0.9901268408947496,0.9886126879448103,0.9885270860830638,0.9885583852455145,0.9902427690554864,0.009873159105250376,0.005623876617038573,0.004249282488211804,0.001300774397119837,11.013832938999258,"{""max_iter"": 300, ""max_leaf_nodes"": 31, ""l2_regularization"": 1, ""learning_rate"": 0.1, ""balance"": true}",,,
5dbe30c484cdbe,hgb,structured,True,0.9901262783242526,0.9886924060536998,0.9884293289796893,0.9885509951025626,0.9902373915614585,0.009873721675747493,0.005374001554569807,0.0044997201211776855,0.0011332614905520339,13.530329901001096,"{""max_iter"": 300, ""max_leaf_nodes"": 15, ""l2_regularization"": 10, ""learning_rate"": 0.1, ""balance"": false}",,,
c71ab44dfc7349,hgb,structured,False,0.9901264189668768,0.9890251711599439,0.9880002925452045,0.9884957235723051,0.9902293311988184,0.009873581033123214,0.005248923380711146,0.004624657652412069,0.0004989605440601853,6.173320507998142,"{""max_iter"": 300, ""max_leaf_nodes"": 15, ""l2_regularization"": 10, ""learning_rate"": 0.1, ""balance"": false}",,,
87236b7bcab78c,hgb,structured,True,0.9900013407930182,0.9879955607274621,0.9889640407286903,0.9884646890875274,0.9901296916652441,0.009998659206981874,0.006123767384600382,0.0038748918223814924,0.000935566390916962,10.609005362999596,"{""max_iter"": 300, ""max_leaf_nodes"": 15, ""l2_regularization"": 1, ""learning_rate"": 0.1, ""balance"": true}",,,
08da2b40350d6a,hgb,structured,False,0.989875981333911,0.9885894940185153,0.9879204801464437,0.9882418229348467,0.9899840947972877,0.010124018666089094,0.005624157902287131,0.004499860763801964,0.0005810464024373696,9.498620268001105,"{""max_iter"": 300, ""max_leaf_nodes"": 31, ""l2_regularization"": 0, ""learning_rate"": 0.1, ""balance"": false}",,,
6d070b3954068d,hgb,structured,True,0.9895010280975834,0.9878089687128252,0.9879872057995133,0.9878822187105,0.9896258983571177,0.010498971902416521,0.0057489547908972346,0.004750017111519287,0.0007587837746025186,15.560675886001263,"{""max_iter"": 300, ""max_leaf_nodes"": 31, ""l2_regularization"": 1, ""learning_rate"": 0.1, ""balance"": true}",,,
0ea992eadf6ada,hgb,structured,,0.9895015906680805,0.9882395899417894,0.9874269058066548,0.9878208583316538,0.9896139362287476,0.010498409331919407,0.005498939085804189,0.0049994702461152165,0.0009287666911493944,10.888450931000989,"{""max_iter"": 300, ""max_leaf_nodes"": 15, ""l2_regularization"": 1, ""learning_rate"": 0.1}",['Gender'],,
0f79df3ee3063e,hgb,structured,False,0.9893766531368463,0.9873868914670685,0.9881280566079855,0.9877404888306741,0.989512169831983,0.01062334686315379,0.006248845558459045,0.0043745013046947445,0.000892197401370564,7.54163340300147,"{""max_iter"": 300, ""max_leaf_nodes"": 15, ""l2_regularization"": 1, ""learning_rate"": 0.1, ""balance"": true}",,,
5e44160ffcb158,hgb,structured,True,0.9895017313107047,0.9876488506924308,0.9878560827719554,0.9877403819521359,0.9896258515754194,0.010498268689295126,0.005998829853366,0.004499438835929127,0.0017329856966058865,14.006871916000819,"{""max_iter"": 300, ""max_leaf_nodes"": 15, ""l2_regularization"": 1, ""learning_rate"": 0.1, ""balance"": false}",,,
6c11afafce612e,rf,structured,False,0.989626528199315,0.9899022566881551,0.985672462224881,0.9877174769352622,0.9896853846208721,0.010373471800685022,0.0041244855996017005,0.006248986201083324,0.002341748897199661,5.276644472000044,"{""n_estimators"": 300, ""min_samples_leaf"": 1, ""max_features"": 0.7, ""balance"": false}",,,
86b913583f477f,hgb,structured,True,0.9893765124942219,0.9875180674497036,0.98760147386635,0.987540972012642,0.989500729794469,0.010623487505778068,0.006248704915834766,0.004374782589943302,0.0007195213392018444,8.645398707998538,"{""max_iter"": 300, ""max_leaf_nodes"": 7, ""l2_regularization"": 1, ""learning_rate"": 0.1, ""balance"": false}",,,
c8129735541703,rf,structured,True,0.9891262155038804,0.9893917394658155,0.9853209726056273,0.9873090351444075,0.9891980785328229,0.01087378449611967,0.004124204314353143,0.006749580181766528,0.000568709660980077,13.006156417999591,"{""n_estimators"": 300, ""min_samples_leaf"": 1, ""max_features"": 0.7, ""balance"": false}",,,
494602c5ef567d,rf,structured,False,0.9882512308573669,0.9883916397752258,0.9837793782992214,0.9860072378519945,0.9883142502912561,0.011748769142633184,0.00462437636716351,0.007124392775469677,0.0019782868416450177,5.444595029999618,"{""n_estimators"": 300, ""min_samples_leaf"": 3, ""max_features"": 0.7, ""balance"": false}",,,
6ea35e5b0fcfa4,rf,structured,True,0.9878764182636637,0.9879802219481908,0.9838419272653453,0.9858583276867426,0.9879548438584056,0.012123581736336334,0.004874251429632276,0.007249330306704059,0.00042937607337174594,14.527535425000679,"{""n_estimators"": 300, ""min_samples_leaf"": 3, ""max_features"": 0.7, ""balance"": false}",,,
245e9d6c706835,logreg,fused,,0.9833782452113531,0.9801178439910879,0.9848167966208687,0.9823906348018391,0.9836834185225412,0.016621754788646952,0.01037248730231507,0.00624926748633188,0.0025789816142555155,2.1723680079994665,"{""C"": 1, ""balance"": true}",,sapbert_concept,0.0
178519df3cb14c,logreg,fused,,0.9832534483227429,0.9800792935142372,0.9848256547496009,0.9823789398592869,0.9835641490520223,0.016746551677257054,0.010372346659690793,0.006374205017566264,0.0029432805820880136,0.33638413999869954,"{""C"": 1, ""balance"": true}",,sapbert_concept,32.0
e16f874453cdac,logreg,fused,,0.9832534483227429,0.9799950553600416,0.9847286091166673,0.9822842052061528,0.9835631656011584,0.016746551677257054,0.010372346659690793,0.006374205017566264,0.0029223776338745825,0.39817908799886936,"{""C"": 1, ""balance"": true}",,sapbert_concept,64.0
2da0a205cdcf66,logreg,fused,,0.9831278075783872,0.9800296978895323,0.98454275714351,0.9822154400914896,0.9834380029580109,0.016872192421612836,0.009997815351236202,0.006874377070376632,0.0018861684027334103,0.28832778400101233,"{""C"": 10, ""balance"": true}",,sapbert_concept,32.0
a91e764cc0fca9,logreg,fused,,0.9831283701488843,0.9797835877457922,0.9846401493853979,0.9821330262154896,0.9834426423377179,0.01687162985111572,0.010497424833549455,0.006374205017566264,0.0027517591667200296,0.5591561459987133,"{""C"": 1, ""balance"": true}",,sapbert_concept,128.0
5c66f0e87eba2a,logreg,fused,,0.9830037139028985,0.9803688977261579,0.9837626844049017,0.9820012990005669,0.9832919121893412,0.016996286097101545,0.009747377718270321,0.0072489083788312226,0.003408431375851485,1.8552664460003143,"{""C"": 10, ""balance"": true}",,mpnet_concept,0.0
2d1828beec6214,logreg,fused,,0.9827535575551812,0.9800502608917125,0.9835858966386151,0.9817450602308654,0.9830512669607695,0.017246442444818866,0.009872455892128982,0.007373986552689883,0.0031958912915576697,0.49791069099956076,"{""C"": 10, ""balance"": true}",,mpnet_concept,128.0
82d798df963200,logreg,fused,,0.9826284793813226,0.979736331442289,0.9834978717334372,0.9815490391185296,0.9829321969639387,0.01737152061867753,0.010122612239846306,0.007248908378831222,0.00305919442561697,0.3347147849999601,"{""C"": 10, ""balance"": true}",,mpnet_concept,64.0
823ceb598c8353,logreg,fused,,0.9826277761682011,0.9797813677829966,0.9834342014608571,0.9815421813587807,0.9829289909636372,0.017372223831798924,0.009747518360894599,0.007624705470904322,0.0014055668690771714,2.4046918109997932,"{""C"": 10, ""balance"": true}",,sapbert_concept,0.0
2554e14b1d1255,logreg,fused,,0.9822528229318737,0.9791679509826278,0.9832316146544895,0.9811336676741543,0.9825668319235271,0.017747177068126348,0.010372768587563629,0.0073744084805627205,0.0013207714292320914,0.4439421589995618,"{""C"": 10, ""balance"": true}",,sapbert_concept,64.0
d2f91a104d4b1d,logreg,fused,,0.9822538074302436,0.9785461916646353,0.9837594883399517,0.9810693584626288,0.9825897178355358,0.017746192569756396,0.01112211248972137,0.006624080080035029,0.003489713629257275,0.41027550699800486,"{""C"": 1, ""balance"": true}",,mpnet_concept,128.0
3d51a786032503,logreg,fused,,0.982127744758015,0.9792651130486992,0.9829145511358343,0.9810218396264593,0.9824375943788372,0.01787225524198501,0.009997815351236202,0.00787443989074881,0.0011576708287590472,0.67811841799994,"{""C"": 10, ""balance"": true}",,sapbert_concept,128.0
98b93fcf746368,logreg,fused,,0.982128729256385,0.978231808924868,0.9838027928412734,0.9809236463161923,0.9824760673993808,0.017871270743615057,0.011372128194814412,0.006499142548800646,0.003279664180942154,0.3010935679994873,"{""C"": 1, ""balance"": true}",,mpnet_concept,64.0
c2d5dbbf01286f,logreg,fused,,0.9821288698990093,0.9782606127678398,0.9836711647222165,0.9808755219462785,0.9824713930896533,0.01787113010099078,0.011371987552190134,0.006499142548800647,0.0036328962973844166,1.6676976920025481,"{""C"": 1, ""balance"": true}",,mpnet_concept,0.0
0148a626007071,logreg,fused,,0.981753494734809,0.9785021014819514,0.9830106594722426,0.9806783026886801,0.9820876612050101,0.018246505265191042,0.01062208107953528,0.007624424185655765,0.002660003416335449,1.2716108510030608,"{""C"": 10, ""balance"": true}",,minilm_complaint,0.0
4cf94fa0542d52,logreg,structured,True,0.9818787135512919,0.9777543168034529,0.9834667382950414,0.9805191413739776,0.9822353099372322,0.018121286448708102,0.011247471948828587,0.006873814499879516,0.003143561292932672,0.6111961619972135,"{""C"": 10, ""balance"": true}",,,
bb7584247c77eb,logreg,fused,,0.9815033383870917,0.9782840674658915,0.9827021777387731,0.9804169600459133,0.9818415445823442,0.018496661612908364,0.01062222172215956,0.00787443989074881,0.0022924315599299554,0.6522147140021843,"{""C"": 10, ""balance"": true}",,minilm_complaint,128.0
d2b50391a9c565,logreg,fused,,0.9816288384888231,0.9775161815205003,0.9833512453108252,0.980317389013952,0.9819951723857456,0.018371161511176872,0.011622003257283178,0.0067491582538936916,0.0035853100372814995,0.30349144600040745,"{""C"": 1, ""balance"": true}",,minilm_complaint,32.0
99d8a9c2282719,logreg,fused,,0.9812533226819986,0.9778008457074185,0.9825249595636771,0.980071141948503,0.9816022829828052,0.01874667731800141,0.010997174958486984,0.007749502359514426,0.0023185003498118967,0.34248133700020844,"{""C"": 10, ""balance"": true}",,minilm_complaint,32.0
0131a3aef33cfc,logreg,structured,False,0.9815034790297159,0.9771335533457299,0.9832015566456116,0.9800650703542829,0.9818747085644789,0.018496520970284088,0.011622706470404573,0.006873814499879516,0.002503559621211134,0.24455670199677115,"{""C"": 10, ""balance"": true}",,,
09d7b6e455de05,logreg,fused,,0.9811285257933884,0.9770066362830648,0.9829284301233155,0.9798485116657348,0.9815046219412552,0.018871474206611515,0.011997097136234884,0.006874377070376632,0.0029243059714267137,1.146669515001122,"{""C"": 1, ""balance"": true}",,minilm_complaint,0.0
bd5cf19fb4ebd3,logreg,fused,,0.9811286664360127,0.977119529834993,0.9827968722696666,0.9798452285850875,0.9815009964618815,0.018871333563987236,0.011872018962376224,0.006999314601611014,0.0031336933435990645,0.3610442070021236,"{""C"": 1, ""balance"": true}",,minilm_complaint,64.0
48b585acae3e91,logreg,fused,,0.9810035882621541,0.9769166627781455,0.9828055196021749,0.9797425993163085,0.9813810159192219,0.0189964117378459,0.012122034667469266,0.006874377070376632,0.00298774056938897,0.457665765999991,"{""C"": 1, ""balance"": true}",,minilm_complaint,128.0
32f426eb17ea2b,logreg,structured,True,0.9810037289047785,0.9766109405209326,0.9830354007807385,0.9797036245118435,0.9813899592247287,0.01899627109522162,0.012622206720279637,0.006374064374941985,0.0029679130481064316,0.3460614399991755,"{""C"": 1, ""balance"": true}",,,
a3b3ccd2df7c14,logreg,fused,,0.9807531506291882,0.9774059006590644,0.9821373022191979,0.9796902254589536,0.981113599105013,0.01924684937081178,0.010997315601111265,0.008249533769700515,0.0018078326372799602,0.4282055080002465,"{""C"": 10, ""balance"": true}",,minilm_complaint,64.0
8719c8854835f1,logreg,structured,True,0.9811296509343826,0.9793159501625883,0.9798615832895057,0.9795507726126701,0.9813594002998132,0.018870349065617287,0.010372065374442234,0.00849828369117505,0.00526174842774138,0.27698493800198776,"{""C"": 10, ""balance"": false}",,,
413150e278e80a,logreg,structured,False,0.9811296509343826,0.9791852971115106,0.9798961701929109,0.9795054127174732,0.9813637360147204,0.018870349065617284,0.010372065374442234,0.00849828369117505,0.005381019652088262,0.25414136800100096,"{""C"": 10, ""balance"": false}",,,
84e1c3cfaee90a,logreg,structured,False,0.9807537131996854,0.9761655469635736,0.982893270183265,0.9794018652913357,0.9811534639120274,0.019246286800314667,0.012747284894138296,0.006499001906176367,0.0028424138211417026,0.28756163000070956,"{""C"": 1, ""balance"": true}",,,
a06b69317a648f,logreg,structured,False,0.980879775871914,0.9791658109819831,0.9793870926117124,0.9792392289957074,0.9811037457166903,0.01912022412808605,0.010497002905676617,0.008623221222409433,0.0056599729778643955,0.2877342089996091,"{""C"": 1, ""balance"": false}",,,
c92f703a03f789,logreg,fused,,0.9806286350258265,0.9759657551195614,0.9826112945430358,0.9791593070669152,0.9810346310271433,0.019371364974173324,0.012622206720279637,0.0067491582538936916,0.0027914495062351086,0.2417613750003511,"{""C"": 1, ""balance"": true}",,mpnet_concept,32.0
bb1db87500a259,logreg,structured,True,0.9807548383406796,0.9789571202836327,0.9792992038200684,0.9790931133916662,0.9809858806670754,0.019245161659320432,0.010621940436910999,0.008623221222409433,0.005587478745500608,0.2843531319995236,"{""C"": 1, ""balance"": false}",,,
a8be55ddffc60b,logreg,fused,,0.9801288849008891,0.9756241793908713,0.9824367199173719,0.9788878350004486,0.9805413513268176,0.019871115099110857,0.013996800849106405,0.005874314250004453,0.003651740991752896,2.038802901002782,"{""C"": 0.1, ""balance"": true}",,sapbert_concept,32.0
ec1ae00f6575b4,logreg,fused,,0.9803786193207337,0.9762473384974757,0.9817419715027453,0.978874791129321,0.9807593257522648,0.01962138067926637,0.012247534769200765,0.007373845910065606,0.0026148425833272164,0.2581305280000379,"{""C"": 10, ""balance"": true}",,mpnet_concept,32.0
ffddcce7756b17,logreg,fused,,0.9801290255435134,0.9755160668044253,0.9824714429343112,0.9788446430623144,0.9805466233007696,0.01987097445648658,0.013996660206482126,0.005874314250004453,0.0038080230186489884,2.9476390900017577,"{""C"": 0.1, ""balance"": true}",,sapbert_concept,0.0
d8eae6684bc710,logreg,structured,False,0.9805044007077136,0.9794654899556972,0.9782224920319039,0.978807898245023,0.9806896696706069,0.019495599292286312,0.010997596886359822,0.008498002405926493,0.0046183021729092385,0.542445998002222,"{""C"": 0.1, ""balance"": false}",,,
09fc408cd62097,logreg,fused,,0.9798788691957961,0.9753039026260947,0.9822600024164934,0.978632843652285,0.9803009933253225,0.020121130804203902,0.014121738380340787,0.005999392423863115,0.003533109812865674,3.1860649099980947,"{""C"": 0.1, ""balance"": true}",,sapbert_concept,128.0
213eb1f2aa462e,logreg,fused,,0.9798788691957961,0.9753039026260947,0.9822600024164934,0.978632843652285,0.9803009933253225,0.020121130804203902,0.014121738380340787,0.005999392423863115,0.003533109812865674,2.2788012040000467,"{""C"": 0.1, ""balance"": true}",,sapbert_concept,64.0
49f3e843dfa3a6,logreg,structured,True,0.979879291123669,0.9788277674165847,0.9777109662969646,0.9782357981244322,0.9800765931762876,0.020120708876331064,0.011372268837438693,0.008748440038892373,0.004486043949079777,0.6620496809991891,"{""C"": 0.1, ""balance"": false}",,,
dbb615a8617266,logreg,fused,,0.9795036346742201,0.9746788985105014,0.9819951194796209,0.9781793089113885,0.9799405459237974,0.020496365325779888,0.01449711354454105,0.005999251781238837,0.0028700686792468514,1.0979680710006505,"{""C"": 0.1, ""balance"": true}",,minilm_complaint,0.0
a70fb306d2d297,logreg,fused,,0.9791286814378927,0.9739658309995113,0.9818617064800637,0.9777330486533905,0.9795889051236603,0.020871318562107315,0.01499714495472714,0.005874173607380175,0.00287162626871391,0.8789933219995874,"{""C"": 0.1, ""balance"": true}",,minilm_complaint,32.0
737dce839c797c,logreg,fused,,0.9791286814378927,0.9740739783578739,0.9817300783610068,0.9777299256863348,0.9795832929200499,0.020871318562107315,0.014872066780868477,0.005999251781238837,0.002867505791742228,1.0019220059984946,"{""C"": 0.1, ""balance"": true}",,minilm_complaint,64.0
93aaf7b51edb20,logreg,fused,,0.979003603264034,0.9739518826472414,0.9816416844778635,0.9776239307394164,0.9794622874622457,0.020996396735965973,0.014872066780868477,0.006124329955097499,0.002728204282189458,1.4418840650032507,"{""C"": 0.1, ""balance"": true}",,minilm_complaint,128.0
c67dfafd79af01,logreg,fused,,0.9786287906703309,0.9735056343570344,0.9810794367046783,0.9771223823827625,0.9790904509271111,0.021371209329669124,0.015246879374571623,0.006124329955097499,0.0029204536420678285,1.4777390979979828,"{""C"": 0.1, ""balance"": true}",,mpnet_concept,64.0
bd500b8473a36a,logreg,fused,,0.9785038531390965,0.9733052733862678,0.9809911130869429,0.9769733312669148,0.978971962183696,0.02149614686090351,0.01537181690580601,0.006124329955097499,0.0030921111033029285,1.6911976620031055,"{""C"": 0.1, ""balance"": true}",,mpnet_concept,128.0
7b9f6c0e9635a0,logreg,fused,,0.9783787749652378,0.9732149163327105,0.9808680664522683,0.9768673843536612,0.978847860743162,0.02162122503476217,0.015496895079664669,0.006124329955097499,0.0029577831917616667,1.808516237000731,"{""C"": 0.1, ""balance"": true}",,mpnet_concept,0.0
f24fd81777a7c4,logreg,fused,,0.9780039623715346,0.972576702201578,0.9807350882788025,0.976464808691805,0.9784954177729303,0.02199603762846532,0.015871988958616377,0.00612404866984894,0.003173165193489486,0.962473546002002,"{""C"": 0.1, ""balance"": true}",,mpnet_concept,32.0
f3809a6b2824b1,logreg,structured,True,0.9778786029124276,0.972371984654942,0.9805495784973178,0.9762649711636516,0.9783734709396638,0.022121397087572537,0.015872270243864936,0.006249126843707602,0.0020213408352512873,0.31599753799673636,"{""C"": 0.1, ""balance"": true}",,,
ec8e4f23511384,logreg,structured,False,0.9777542279516901,0.9721062682055334,0.9805580764826484,0.9761235268588212,0.9782603855307471,0.022245772048309808,0.016246801552319525,0.0059989704959902785,0.003679782953662949,0.2699841799985734,"{""C"": 0.1, ""balance"": true}",,,
7c5b0b2fe0444e,hgb,structured,,0.9747523517790823,0.9751920248606588,0.9725885395427181,0.9738439313998972,0.9749240539786149,0.025247648220917684,0.015123629554828587,0.010124018666089094,0.0016027147255302148,10.557443239998975,"{""max_iter"": 300, ""max_leaf_nodes"": 15, ""l2_regularization"": 1, ""learning_rate"": 0.1}",['ECG_Status'],,
2866a1611035e6,hgb,structured,,0.9742527422967692,0.9748398548765413,0.9725896744306283,0.9736693642539421,0.9744390943259997,0.025747257703230938,0.01562337967976612,0.010123878023464815,0.0009925170190640416,12.239766978000262,"{""max_iter"": 300, ""max_leaf_nodes"": 15, ""l2_regularization"": 1, ""learning_rate"": 0.1}","['ECG_Status', 'Mode_of_Arrival']",,
a1ff41d7ddfa5c,hgb,text,,0.6354186884043908,0.6810127888826912,0.6000031131897767,0.6230875226780662,0.4782753686718563,0.3950777425546139,0.1894733683814753,0.17510794321413403,0.009077092051323031,7.233965192001051,"{""max_iter"": 250, ""max_leaf_nodes"": 15, ""l2_regularization"": 1, ""learning_rate"": 0.1}",,minilm_complaint,64.0
e5e4ef77a77343,logreg,text,,0.6171728863523209,0.6224314480883383,0.612827999366774,0.6169587234946805,0.48262366023327696,0.42507132925094676,0.1960995581008745,0.18672755554680445,0.005228970737138849,3.3871434819993738,"{""C"": 10, ""balance"": true}",,minilm_complaint,0.0
f2bab23e7b2836,logreg,text,,0.6110474312562294,0.6199189014988616,0.610182287466805,0.6146343960943486,0.47636768564561205,0.43407091013592636,0.18185161640568084,0.20710095233808987,0.004113688636653059,2.200469425999472,"{""C"": 1, ""balance"": true}",,minilm_complaint,0.0
34a1a1615410cc,logreg,text,,0.609798337229134,0.6189235672653003,0.609209001494628,0.6136117418187412,0.473810536209377,0.43607005127830084,0.18097649111654301,0.2092251716543229,0.0030390302187484125,0.617240308001783,"{""C"": 1, ""balance"": true}",,minilm_complaint,128.0
40e4af31570771,logreg,text,,0.6086743213758975,0.6132286317185328,0.6066603541915322,0.6096739183126415,0.4692751123732548,0.43681897325258573,0.19634985509121614,0.19497582353288645,0.0017155871984979002,1.15008820300136,"{""C"": 10, ""balance"": true}",,minilm_complaint,128.0
3222777cb59e5c,logreg,text,,0.6010497565476174,0.604196642713088,0.6027783476980612,0.6033015690118092,0.45924555172068676,0.4493172269400009,0.1908497908644177,0.20810045258796495,0.0004615764022887417,0.4700731500015536,"{""C"": 10, ""balance"": true}",,minilm_complaint,64.0
a7d542d8f8c28b,rf,text,,0.6087957428415248,0.6316007662601911,0.5831150349142264,0.5994422789281967,0.430333476882014,0.4349477231365555,0.19622210470749615,0.19498215245097902,0.008812913341629302,73.73102613299852,"{""n_estimators"": 300, ""min_samples_leaf"": 3, ""max_features"": 0.7, ""balance"": true}",,minilm_complaint,64.0
b20bb592f09c8e,logreg,text,,0.5944235668282182,0.6028119211331316,0.5971229776091324,0.5992491064008834,0.45056140638520953,0.45731955785709394,0.1822271322125054,0.22334930095927644,0.004275829284874575,0.3506478720009909,"{""C"": 1, ""balance"": true}",,minilm_complaint,64.0
328b585e031a80,hgb,text,,0.6045477261369315,0.6658240903284155,0.5722123250728894,0.5981379540768991,0.441988044400438,0.4245742513358705,0.20109945027486256,0.1943528235882059,0.004108428611875642,9.387683099997957,"{""max_iter"": 250, ""max_leaf_nodes"": 15, ""l2_regularization"": 1, ""learning_rate"": 0.1}",,sapbert_concept,64.0
06344ef14de7c2,logreg,text,,0.5926764103876767,0.6290196457196995,0.577827005771781,0.5962747837950783,0.44797884688347517,0.4456938978915795,0.17885227180030996,0.22847131781201332,0.00483978273146109,0.416681183000037,"{""C"": 1, ""balance"": true}",,sapbert_concept,128.0
7b7a15f2b3ee20,logreg,text,,0.590929113304511,0.6292909809336914,0.5781473845890679,0.5961865750805644,0.44738359789175114,0.4484401326541232,0.17585320848018768,0.23321767821530134,0.004764724050063092,0.4334051769983489,"{""C"": 1, ""balance"": true}",,sapbert_concept,64.0
245c317a333a62,logreg,text,,0.5925513322138181,0.6289762814830365,0.5766464226934674,0.5954234711277867,0.4468024905414407,0.44519400712401774,0.1811022725035231,0.22634639528265885,0.005943046627987881,2.4777716270000383,"{""C"": 1, ""balance"": true}",,sapbert_concept,0.0
4e0ee917abe87e,logreg,text,,0.5879283622728972,0.6185485213699474,0.5766068401106275,0.5922907055453511,0.44083769189868754,0.45394146266454016,0.17947808459747613,0.23259355312962657,0.00403955501366414,0.295524547000241,"{""C"": 10, ""balance"": true}",,sapbert_concept,64.0
bf6d38a14dffbc,logreg,text,,0.5858051274550342,0.6250560360208831,0.5740224308906389,0.5917923668744174,0.4416992825786363,0.45418894680239613,0.17722653682539594,0.23696833571956985,0.0045933877983871975,1.7923283079981047,"{""C"": 0.1, ""balance"": true}",,sapbert_concept,128.0
ed11eb2bc58aca,logreg,text,,0.5855542678941955,0.6244740513377813,0.573948912277516,0.5916048418542497,0.4419243206084582,0.4544396657206106,0.17697680240555144,0.23746892970025305,0.003497487400992841,1.5668775710000773,"{""C"": 0.1, ""balance"": true}",,sapbert_concept,0.0
daa2fb3939c652,logreg,text,,0.5836799236404312,0.621834332234885,0.5728652811935308,0.5898919539713453,0.4406328342218915,0.45681376009931246,0.17722611489752313,0.23909396146204573,0.004689597266918691,2.35644319900166,"{""C"": 0.1, ""balance"": true}",,sapbert_concept,64.0
24773bc442df4c,logreg,text,,0.5818037510325512,0.607256670170771,0.5730060021585842,0.5859704817069044,0.4322799265397541,0.462564402601701,0.1869748990420362,0.23122134992541252,0.002050352544564185,0.3522756210004445,"{""C"": 1, ""balance"": true}",,sapbert_concept,32.0
15a5c464bde289,logreg,text,,0.5784312815449687,0.6108676395011613,0.5703373416393839,0.5848759917945789,0.42739823849504016,0.46693665362440734,0.18010122518478097,0.24146749327025044,0.00543818023005976,1.798632688998623,"{""C"": 0.1, ""balance"": true}",,sapbert_concept,32.0
459be584b768d6,rf,text,,0.588049924381149,0.620255122015451,0.5644835397968223,0.5828676656661081,0.42436833541497965,0.44894761812339606,0.2048496858512582,0.20710038976759274,0.004824724600240478,80.37816223499976,"{""n_estimators"": 300, ""min_samples_leaf"": 3, ""max_features"": 0.7, ""balance"": true}",,sapbert_concept,64.0
c4df0c5d9f27a7,logreg,text,,0.5771799372358849,0.5953119175914541,0.5714399002874705,0.5806421376357974,0.42695499334616677,0.4703122172497241,0.19059963451670037,0.23222042824741476,0.004407268531212009,0.26961741899867775,"{""C"": 10, ""balance"": true}",,sapbert_concept,32.0
a9ebda5db2177b,logreg,text,,0.5848014079264309,0.5874820607835849,0.5754446721623818,0.5804965006643314,0.44003548490841676,0.46006860547212325,0.20847217104393392,0.20672642102963526,0.011176649844756328,5.295901869998488,"{""C"": 10, ""balance"": true}",,mpnet_concept,0.0
62977ce390b312,logreg,text,,0.5753041865558778,0.5980548870650343,0.5674075679840858,0.5796278641147624,0.42894365286302855,0.46894029533075865,0.18747746201945933,0.23721835142466288,0.002144558351984447,0.95350686600068,"{""C"": 10, ""balance"": true}",,sapbert_concept,128.0
bb82cfadff3a27,hgb,text,,0.5880502056663975,0.6407764163523527,0.5537977378664899,0.5776052246346354,0.41174283769343184,0.44457142910721004,0.20910023412308856,0.2028495602105139,0.007621874258764186,7.6031261819989595,"{""max_iter"": 250, ""max_leaf_nodes"": 15, ""l2_regularization"": 1, ""learning_rate"": 0.1}",,mpnet_concept,64.0
b1f22bf183a0ba,logreg,text,,0.5744265296995029,0.5898518295124991,0.5665767447588216,0.5761819837696694,0.42463404292126955,0.4720693593165894,0.19310246377749216,0.2324710065230049,0.010403479141605438,6.626837435000198,"{""C"": 10, ""balance"": true}",,sapbert_concept,0.0
6e95bd8073c9e5,logreg,text,,0.5765508896583603,0.5795647446395948,0.573045430492158,0.5756044623602893,0.42880445954676444,0.4726930624743913,0.2064740143999295,0.2169750959417102,0.009846294565827305,1.6169026889983797,"{""C"": 1, ""balance"": true}",,mpnet_concept,0.0
ef72fa6cb0117e,logreg,text,,0.5768041401438118,0.5785585614136189,0.5710375191447784,0.5740469861272303,0.4312413772789299,0.4705646238794299,0.2104722966846783,0.21272356317150995,0.007411122923376198,0.6993707540023024,"{""C"": 10, ""balance"": true}",,mpnet_concept,128.0
c39e795409406e,logreg,text,,0.5738018420433311,0.5751794478553611,0.5711933110851132,0.5723924278657874,0.4234809418610919,0.47731687627105773,0.2095985778217833,0.21659958013488564,0.00881895472967955,0.41887873800078523,"{""C"": 1, ""balance"": true}",,mpnet_concept,128.0
0e34142788cdad,logreg,text,,0.5649260735485915,0.5659255235659679,0.5765216672010659,0.5685997812157179,0.4147308468766476,0.49869188295158234,0.19559924540543985,0.23947468104596858,0.008174024846434159,0.8235374449977826,"{""C"": 0.1, ""balance"": true}",,minilm_complaint,0.0
5685a79115d557,logreg,text,,0.5644257608531569,0.5654340523064981,0.575995095419819,0.5681519490011011,0.41429539045511604,0.4990672581157827,0.19634915187809474,0.23922508726874836,0.008713974902117304,1.181011545999354,"{""C"": 0.1, ""balance"": true}",,minilm_complaint,128.0
7d6c7832dafd23,logreg,text,,0.5685529186626199,0.565521110647972,0.5670660474916196,0.5657794950961753,0.4086709654774472,0.4878143011046072,0.21559895474401636,0.21584812659336372,0.010412240746530308,0.36908245399899897,"{""C"": 10, ""balance"": true}",,mpnet_concept,64.0
143cdb6e453939,logreg,text,,0.5584255245735481,0.5600373298539063,0.5716711823178091,0.5629803796456062,0.4090742903376898,0.5058171195827977,0.1988498714995223,0.2427246039269296,0.010246361561776707,0.7940827979982714,"{""C"": 0.1, ""balance"": true}",,minilm_complaint,64.0
250580caf10112,logreg,text,,0.5620549012548136,0.5596937848230658,0.5642260970445858,0.5610360822218077,0.4057830358136311,0.4958126940282204,0.21472214174338722,0.22322295700179928,0.008970285772045377,0.27204320400051074,"{""C"": 1, ""balance"": true}",,mpnet_concept,64.0
1a650444084486,rf,text,,0.5698038410438307,0.5782794871572041,0.5478445804345933,0.5587845637507823,0.3757638019681388,0.481440658657538,0.21859731485101727,0.21159884410515195,0.0009625419638111784,62.28334853200067,"{""n_estimators"": 300, ""min_samples_leaf"": 3, ""max_features"": 0.7, ""balance"": true}",,mpnet_concept,64.0
8fc6d6d5aaffda,logreg,text,,0.5490543658752237,0.55706080453457,0.5634841158501286,0.5576588116457919,0.40883393277753316,0.5104375579564814,0.1977243085774186,0.25322132554735766,0.003733248122873961,0.39108332700197934,"{""C"": 1, ""balance"": true}",,minilm_complaint,32.0
9e30ac74466a54,logreg,text,,0.5486788500683992,0.5545172530513502,0.5641475198474849,0.5568093943706716,0.4085789765117278,0.5114384646325992,0.2024736224758165,0.2488475274557843,0.004713082254267407,0.483166757003346,"{""C"": 10, ""balance"": true}",,minilm_complaint,32.0
5b412211360b66,logreg,text,,0.5306808134394342,0.532760173079121,0.5478176560915525,0.5363556921410672,0.3779579848958199,0.5384359415039196,0.21372123506726937,0.25559795149329645,0.007369234736495335,1.091718634001154,"{""C"": 0.1, ""balance"": true}",,minilm_complaint,32.0
c84876f453c971,logreg,text,,0.5189330287951709,0.5153214694394611,0.5435458598168004,0.5202525946508305,0.3625522107391064,0.5621837767795277,0.244471760367471,0.23659521083735804,0.005570472059120103,1.415505517001293,"{""C"": 0.1, ""balance"": true}",,mpnet_concept,128.0
607de0d4567cf5,logreg,text,,0.5185575129883463,0.5147666929769289,0.5429200341046506,0.5198004522913692,0.3634790184250914,0.5619339017170589,0.24497221370553,0.2364702733061237,0.006138209682739866,1.2275988699984737,"{""C"": 0.1, ""balance"": true}",,mpnet_concept,0.0
6887fe93ffedd7,logreg,text,,0.5130589958304149,0.5097780701642329,0.5393538110328887,0.5141968932876476,0.3575224243383323,0.5699325759259207,0.25059623096519285,0.23634477320439218,0.004886760237793351,1.1472435590003442,"{""C"": 0.1, ""balance"": true}",,mpnet_concept,64.0
6cc90ef2069f4d,logreg,text,,0.4714387646701977,0.4772696299767978,0.5100832295600988,0.4709468766880356,0.3097202655041074,0.6351741577616444,0.29834107336575616,0.23022016196404613,0.00807973316185582,0.18984968500080868,"{""C"": 10, ""balance"": true}",,mpnet_concept,32.0
07c76c972a6ea3,logreg,text,,0.46856435759606124,0.4758175561445596,0.5088754916295315,0.4681644087074133,0.30577425476833486,0.6404236437128529,0.29996624577017306,0.23146939663376567,0.007344770346580743,0.19247705499947187,"{""C"": 1, ""balance"": true}",,mpnet_concept,32.0
e041fdb96843a3,logreg,text,,0.4515648367186013,0.4641506947044345,0.49795268165060685,0.4509200958242481,0.29492977883825994,0.663048447633594,0.30296741872965954,0.24546774455173914,0.009813701344873882,0.7969476230027794,"{""C"": 0.1, ""balance"": true}",,mpnet_concept,32.0
