id,feature_count,accuracy,precision_macro,recall_macro,macro_f1,qwk,mae,under_triage_rate,over_triage_rate
text_768_logreg,768,0.6008004002001001,0.6439688762850441,0.5852061852992205,0.6062572889660786,0.47735223890130596,0.4272136068034017,0.18209104552276137,0.21710855427713857
text_768_hgb,768,0.607303651825913,0.673110441062179,0.5770118007659427,0.6033200621728009,0.47340873235372627,0.4122061030515258,0.208104052026013,0.18459229614807404
text_768_rf,768,0.609304652326163,0.6566527884207908,0.5816791579580705,0.6045858586831382,0.48739373274974407,0.4112056028014007,0.19859929964982492,0.192096048024012
text_64_logreg,64,0.59879939969985,0.6409933842010858,0.5888424975517111,0.6083416342005087,0.4850619659991997,0.4302151075537769,0.17208604302151076,0.22911455727863933
text_64_hgb,64,0.5992996498249125,0.6669576702442485,0.5704637324540714,0.5964517215354049,0.4671057667295335,0.41870935467733866,0.21410705352676337,0.18659329664832416
text_64_rf,64,0.5952976488244122,0.6300228712671281,0.574630528464935,0.5930601582181255,0.4660307316021307,0.4307153576788394,0.2066033016508254,0.19809904952476237
fused_768_logreg,790,0.984992496248124,0.9803494895310974,0.9865970109298977,0.9833674077756197,0.9852892549008834,0.015007503751875938,0.011005502751375688,0.00400200100050025
fused_768_hgb,790,0.9909954977488744,0.9915189535404139,0.9874343857088549,0.9894374609740894,0.9910534955317205,0.009004502251125562,0.003501750875437719,0.005502751375687844
fused_768_rf,790,0.9934967483741871,0.9903626436402786,0.9949880771686788,0.9926133385357119,0.9936087393547648,0.0065032516258129065,0.0065032516258129065,0.0
fused_64_logreg,86,0.984992496248124,0.9803494895310974,0.9865970109298977,0.9833674077756197,0.9852892549008834,0.015007503751875938,0.011005502751375688,0.00400200100050025
fused_64_hgb,86,0.991495747873937,0.9924128980732755,0.9877878675045424,0.9900504125988706,0.9915450682965314,0.008504252126063032,0.0030015007503751876,0.005502751375687844
fused_64_rf,86,0.9934967483741871,0.9903626436402786,0.9949880771686788,0.9926133385357119,0.9936087393547648,0.0065032516258129065,0.0065032516258129065,0.0
