row_id,partition
cardiac-00000,train
cardiac-00001,test
cardiac-00002,test
cardiac-00003,train
cardiac-00004,train
cardiac-00005,train
cardiac-00006,train
cardiac-00007,train
cardiac-00008,train
cardiac-00009,train
cardiac-00010,train
cardiac-00011,test
cardiac-00012,test
cardiac-00013,train
cardiac-00014,train
cardiac-00015,train
cardiac-00016,test
cardiac-00017,train
cardiac-00018,train
cardiac-00019,train
cardiac-00020,train
cardiac-00021,test
cardiac-00022,train
cardiac-00023,test
cardiac-00024,train
cardiac-00025,train
cardiac-00026,train
cardiac-00027,train
cardiac-00028,train
cardiac-00029,train
cardiac-00030,train
cardiac-00031,train
cardiac-00032,train
cardiac-00033,train
cardiac-00034,train
cardiac-00035,train
cardiac-00036,train
cardiac-00037,train
cardiac-00038,train
cardiac-00039,train
cardiac-00040,train
cardiac-00041,train
cardiac-00042,train
cardiac-00043,train
cardiac-00044,train
cardiac-00045,train
cardiac-00046,train
cardiac-00047,train
cardiac-00048,train
cardiac-00049,train
cardiac-00050,test
cardiac-00051,test
cardiac-00052,train
cardiac-00053,train
cardiac-00054,test
cardiac-00055,train
cardiac-00056,train
cardiac-00057,train
cardiac-00058,train
cardiac-00059,train
cardiac-00060,train
cardiac-00061,test
cardiac-00062,train
cardiac-00063,train
cardiac-00064,train
cardiac-00065,train
cardiac-00066,train
cardiac-00067,train
cardiac-00068,train
cardiac-00069,train
cardiac-00070,train
cardiac-00071,test
cardiac-00072,train
cardiac-00073,train
cardiac-00074,train
cardiac-00075,train
cardiac-00076,train
cardiac-00077,train
cardiac-00078,train
cardiac-00079,train
cardiac-00080,test
cardiac-00081,test
cardiac-00082,train
cardiac-00083,train
cardiac-00084,train
cardiac-00085,test
cardiac-00086,train
cardiac-00087,train
cardiac-00088,train
cardiac-00089,train
cardiac-00090,train
cardiac-00091,train
cardiac-00092,train
cardiac-00093,train
cardiac-00094,train
cardiac-00095,train
cardiac-00096,train
cardiac-00097,train
cardiac-00098,test
cardiac-00099,train
cardiac-00100,train
cardiac-00101,train
cardiac-00102,test
cardiac-00103,test
cardiac-00104,train
cardiac-00105,test
cardiac-00106,train
cardiac-00107,test
cardiac-00108,train
cardiac-00109,train
cardiac-00110,test
cardiac-00111,test
cardiac-00112,train
cardiac-00113,test
cardiac-00114,train
cardiac-00115,train
cardiac-00116,train
cardiac-00117,train
cardiac-00118,test
cardiac-00119,train
cardiac-00120,test
cardiac-00121,train
cardiac-00122,train
cardiac-00123,test
cardiac-00124,test
cardiac-00125,test
cardiac-00126,train
cardiac-00127,test
cardiac-00128,train
cardiac-00129,test
cardiac-00130,train
cardiac-00131,train
cardiac-00132,train
cardiac-00133,train
cardiac-00134,train
cardiac-00135,test
cardiac-00136,train
cardiac-00137,test
cardiac-00138,train
cardiac-00139,train
cardiac-00140,test
cardiac-00141,train
cardiac-00142,train
cardiac-00143,train
cardiac-00144,test
cardiac-00145,test
cardiac-00146,train
cardiac-00147,test
cardiac-00148,train
cardiac-00149,train
cardiac-00150,train
cardiac-00151,train
cardiac-00152,train
cardiac-00153,train
cardiac-00154,test
cardiac-00155,train
cardiac-00156,train
cardiac-00157,train
cardiac-00158,test
cardiac-00159,train
cardiac-00160,train
cardiac-00161,train
cardiac-00162,train
cardiac-00163,test
cardiac-00164,train
cardiac-00165,test
cardiac-00166,train
cardiac-00167,train
cardiac-00168,train
cardiac-00169,test
cardiac-00170,test
cardiac-00171,train
cardiac-00172,test
cardiac-00173,test
cardiac-00174,train
cardiac-00175,train
cardiac-00176,train
cardiac-00177,train
cardiac-00178,train
cardiac-00179,train
cardiac-00180,test
cardiac-00181,train
cardiac-00182,test
cardiac-00183,train
cardiac-00184,test
cardiac-00185,train
cardiac-00186,train
cardiac-00187,train
cardiac-00188,train
cardiac-00189,train
cardiac-00190,test
cardiac-00191,train
cardiac-00192,train
cardiac-00193,test
cardiac-00194,test
cardiac-00195,train
cardiac-00196,train
cardiac-00197,train
cardiac-00198,test
cardiac-00199,train
cardiac-00200,test
cardiac-00201,train
cardiac-00202,train
cardiac-00203,train
cardiac-00204,train
cardiac-00205,train
cardiac-00206,train
cardiac-00207,test
cardiac-00208,train
cardiac-00209,train
cardiac-00210,train
cardiac-00211,train
cardiac-00212,train
cardiac-00213,train
cardiac-00214,train
cardiac-00215,train
cardiac-00216,train
cardiac-00217,train
cardiac-00218,train
cardiac-00219,test
cardiac-00220,train
cardiac-00221,train
cardiac-00222,test
cardiac-00223,test
cardiac-00224,train
cardiac-00225,train
cardiac-00226,train
cardiac-00227,train
cardiac-00228,train
cardiac-00229,train
cardiac-00230,train
cardiac-00231,test
cardiac-00232,train
cardiac-00233,train
cardiac-00234,train
cardiac-00235,train
cardiac-00236,train
cardiac-00237,train
cardiac-00238,train
cardiac-00239,train
cardiac-00240,train
cardiac-00241,test
cardiac-00242,train
cardiac-00243,train
cardiac-00244,train
cardiac-00245,train
cardiac-00246,train
cardiac-00247,train
cardiac-00248,test
cardiac-00249,train
cardiac-00250,test
cardiac-00251,train
cardiac-00252,train
cardiac-00253,test
cardiac-00254,train
cardiac-00255,train
cardiac-00256,train
cardiac-00257,train
cardiac-00258,train
cardiac-00259,train
cardiac-00260,train
cardiac-00261,train
cardiac-00262,test
cardiac-00263,test
cardiac-00264,test
cardiac-00265,train
cardiac-00266,train
cardiac-00267,train
cardiac-00268,train
cardiac-00269,train
cardiac-00270,train
cardiac-00271,train
cardiac-00272,train
cardiac-00273,train
cardiac-00274,test
cardiac-00275,train
cardiac-00276,train
cardiac-00277,test
cardiac-00278,train
cardiac-00279,train
cardiac-00280,test
cardiac-00281,train
cardiac-00282,train
cardiac-00283,test
cardiac-00284,test
cardiac-00285,train
cardiac-00286,test
cardiac-00287,test
cardiac-00288,train
cardiac-00289,train
cardiac-00290,train
cardiac-00291,train
cardiac-00292,test
cardiac-00293,train
cardiac-00294,train
cardiac-00295,train
cardiac-00296,train
cardiac-00297,train
cardiac-00298,test
cardiac-00299,train
cardiac-00300,train
cardiac-00301,train
cardiac-00302,train
cardiac-00303,train
cardiac-00304,train
cardiac-00305,test
cardiac-00306,train
cardiac-00307,train
cardiac-00308,train
cardiac-00309,test
cardiac-00310,test
cardiac-00311,train
cardiac-00312,test
cardiac-00313,test
cardiac-00314,train
cardiac-00315,train
cardiac-00316,test
cardiac-00317,train
cardiac-00318,test
cardiac-00319,test
cardiac-00320,train
cardiac-00321,train
cardiac-00322,train
cardiac-00323,train
cardiac-00324,train
cardiac-00325,test
cardiac-00326,train
cardiac-00327,train
cardiac-00328,train
cardiac-00329,train
cardiac-00330,train
cardiac-00331,train
cardiac-00332,train
cardiac-00333,test
cardiac-00334,test
cardiac-00335,test
cardiac-00336,train
cardiac-00337,train
cardiac-00338,train
cardiac-00339,train
cardiac-00340,train
cardiac-00341,train
cardiac-00342,test
cardiac-00343,test
cardiac-00344,train
cardiac-00345,train
cardiac-00346,train
cardiac-00347,train
cardiac-00348,train
cardiac-00349,train
cardiac-00350,train
cardiac-00351,train
cardiac-00352,train
cardiac-00353,train
cardiac-00354,train
cardiac-00355,test
cardiac-00356,train
cardiac-00357,train
cardiac-00358,train
cardiac-00359,train
cardiac-00360,train
cardiac-00361,train
cardiac-00362,train
cardiac-00363,test
cardiac-00364,train
cardiac-00365,train
cardiac-00366,train
cardiac-00367,train
cardiac-00368,train
cardiac-00369,train
cardiac-00370,train
cardiac-00371,train
cardiac-00372,train
cardiac-00373,train
cardiac-00374,train
cardiac-00375,train
cardiac-00376,train
cardiac-00377,train
cardiac-00378,test
cardiac-00379,train
cardiac-00380,train
cardiac-00381,test
cardiac-00382,train
cardiac-00383,train
cardiac-00384,train
cardiac-00385,train
cardiac-00386,train
cardiac-00387,train
cardiac-00388,train
cardiac-00389,train
cardiac-00390,train
cardiac-00391,test
cardiac-00392,train
cardiac-00393,train
cardiac-00394,train
cardiac-00395,test
cardiac-00396,train
cardiac-00397,train
cardiac-00398,train
cardiac-00399,train
cardiac-00400,train
cardiac-00401,train
cardiac-00402,train
cardiac-00403,train
cardiac-00404,test
cardiac-00405,test
cardiac-00406,train
cardiac-00407,train
cardiac-00408,train
cardiac-00409,train
cardiac-00410,train
cardiac-00411,train
cardiac-00412,test
cardiac-00413,train
cardiac-00414,train
cardiac-00415,test
cardiac-00416,train
cardiac-00417,test
cardiac-00418,test
cardiac-00419,train
cardiac-00420,train
cardiac-00421,train
cardiac-00422,train
cardiac-00423,train
cardiac-00424,test
cardiac-00425,train
cardiac-00426,train
cardiac-00427,train
cardiac-00428,train
cardiac-00429,train
cardiac-00430,train
cardiac-00431,train
cardiac-00432,train
cardiac-00433,test
cardiac-00434,train
cardiac-00435,test
cardiac-00436,train
cardiac-00437,train
cardiac-00438,train
cardiac-00439,train
cardiac-00440,train
cardiac-00441,train
cardiac-00442,train
cardiac-00443,train
cardiac-00444,train
cardiac-00445,train
cardiac-00446,test
cardiac-00447,train
cardiac-00448,test
cardiac-00449,train
cardiac-00450,train
cardiac-00451,train
cardiac-00452,train
cardiac-00453,train
cardiac-00454,train
cardiac-00455,train
cardiac-00456,train
cardiac-00457,train
cardiac-00458,train
cardiac-00459,train
cardiac-00460,train
cardiac-00461,train
cardiac-00462,train
cardiac-00463,test
cardiac-00464,test
cardiac-00465,train
cardiac-00466,train
cardiac-00467,train
cardiac-00468,test
cardiac-00469,train
cardiac-00470,train
cardiac-00471,train
cardiac-00472,train
cardiac-00473,train
cardiac-00474,train
cardiac-00475,train
cardiac-00476,train
cardiac-00477,train
cardiac-00478,test
cardiac-00479,train
cardiac-00480,train
cardiac-00481,test
cardiac-00482,train
cardiac-00483,train
cardiac-00484,train
cardiac-00485,train
cardiac-00486,test
cardiac-00487,train
cardiac-00488,train
cardiac-00489,train
cardiac-00490,train
cardiac-00491,train
cardiac-00492,train
cardiac-00493,train
cardiac-00494,train
cardiac-00495,train
cardiac-00496,train
cardiac-00497,train
cardiac-00498,train
cardiac-00499,train
cardiac-00500,train
cardiac-00501,test
cardiac-00502,test
cardiac-00503,train
cardiac-00504,train
cardiac-00505,train
cardiac-00506,train
cardiac-00507,train
cardiac-00508,train
cardiac-00509,train
cardiac-00510,train
cardiac-00511,train
cardiac-00512,train
cardiac-00513,test
cardiac-00514,train
cardiac-00515,train
cardiac-00516,train
cardiac-00517,train
cardiac-00518,train
cardiac-00519,train
cardiac-00520,train
cardiac-00521,train
cardiac-00522,train
cardiac-00523,train
cardiac-00524,test
cardiac-00525,test
cardiac-00526,test
cardiac-00527,train
cardiac-00528,test
cardiac-00529,train
cardiac-00530,train
cardiac-00531,train
cardiac-00532,train
cardiac-00533,train
cardiac-00534,train
cardiac-00535,test
cardiac-00536,train
cardiac-00537,train
cardiac-00538,test
cardiac-00539,train
cardiac-00540,train
cardiac-00541,train
cardiac-00542,train
cardiac-00543,train
cardiac-00544,train
cardiac-00545,train
cardiac-00546,train
cardiac-00547,train
cardiac-00548,test
cardiac-00549,train
cardiac-00550,train
cardiac-00551,test
cardiac-00552,train
cardiac-00553,train
cardiac-00554,test
cardiac-00555,train
cardiac-00556,train
cardiac-00557,test
cardiac-00558,train
cardiac-00559,test
cardiac-00560,train
cardiac-00561,train
cardiac-00562,train
cardiac-00563,train
cardiac-00564,train
cardiac-00565,train
cardiac-00566,train
cardiac-00567,test
cardiac-00568,train
cardiac-00569,train
cardiac-00570,train
cardiac-00571,test
cardiac-00572,train
cardiac-00573,train
cardiac-00574,train
cardiac-00575,train
cardiac-00576,train
cardiac-00577,train
cardiac-00578,test
cardiac-00579,train
cardiac-00580,train
cardiac-00581,train
cardiac-00582,train
cardiac-00583,train
cardiac-00584,train
cardiac-00585,train
cardiac-00586,train
cardiac-00587,train
cardiac-00588,train
cardiac-00589,test
cardiac-00590,train
cardiac-00591,train
cardiac-00592,train
cardiac-00593,train
cardiac-00594,train
cardiac-00595,train
cardiac-00596,train
cardiac-00597,train
cardiac-00598,train
cardiac-00599,train
cardiac-00600,train
cardiac-00601,train
cardiac-00602,test
cardiac-00603,train
cardiac-00604,train
cardiac-00605,test
cardiac-00606,train
cardiac-00607,train
cardiac-00608,test
cardiac-00609,train
cardiac-00610,train
cardiac-00611,test
cardiac-00612,train
cardiac-00613,train
cardiac-00614,train
cardiac-00615,test
cardiac-00616,train
cardiac-00617,train
cardiac-00618,test
cardiac-00619,train
cardiac-00620,train
cardiac-00621,train
cardiac-00622,train
cardiac-00623,train
cardiac-00624,test
cardiac-00625,train
cardiac-00626,train
cardiac-00627,train
cardiac-00628,train
cardiac-00629,train
cardiac-00630,train
cardiac-00631,train
cardiac-00632,train
cardiac-00633,train
cardiac-00634,test
cardiac-00635,test
cardiac-00636,train
cardiac-00637,train
cardiac-00638,test
cardiac-00639,train
cardiac-00640,test
cardiac-00641,train
cardiac-00642,test
cardiac-00643,train
cardiac-00644,train
cardiac-00645,train
cardiac-00646,train
cardiac-00647,train
cardiac-00648,train
cardiac-00649,test
cardiac-00650,test
cardiac-00651,train
cardiac-00652,train
cardiac-00653,train
cardiac-00654,train
cardiac-00655,test
cardiac-00656,train
cardiac-00657,test
cardiac-00658,train
cardiac-00659,train
cardiac-00660,train
cardiac-00661,train
cardiac-00662,train
cardiac-00663,train
cardiac-00664,train
cardiac-00665,train
cardiac-00666,train
cardiac-00667,train
cardiac-00668,train
cardiac-00669,train
cardiac-00670,train
cardiac-00671,train
cardiac-00672,train
cardiac-00673,train
cardiac-00674,train
cardiac-00675,test
cardiac-00676,train
cardiac-00677,train
cardiac-00678,train
cardiac-00679,train
cardiac-00680,test
cardiac-00681,train
cardiac-00682,train
cardiac-00683,train
cardiac-00684,train
cardiac-00685,test
cardiac-00686,train
cardiac-00687,train
cardiac-00688,train
cardiac-00689,train
cardiac-00690,train
cardiac-00691,train
cardiac-00692,train
cardiac-00693,train
cardiac-00694,train
cardiac-00695,test
cardiac-00696,train
cardiac-00697,test
cardiac-00698,train
cardiac-00699,train
cardiac-00700,train
cardiac-00701,train
cardiac-00702,train
cardiac-00703,train
cardiac-00704,test
cardiac-00705,train
cardiac-00706,test
cardiac-00707,train
cardiac-00708,train
cardiac-00709,train
cardiac-00710,train
cardiac-00711,train
cardiac-00712,train
cardiac-00713,train
cardiac-00714,train
cardiac-00715,train
cardiac-00716,train
cardiac-00717,train
cardiac-00718,train
cardiac-00719,test
cardiac-00720,train
cardiac-00721,train
cardiac-00722,test
cardiac-00723,train
cardiac-00724,test
cardiac-00725,train
cardiac-00726,test
cardiac-00727,test
cardiac-00728,test
cardiac-00729,train
cardiac-00730,train
cardiac-00731,train
cardiac-00732,test
cardiac-00733,train
cardiac-00734,train
cardiac-00735,train
cardiac-00736,train
cardiac-00737,train
cardiac-00738,train
cardiac-00739,train
cardiac-00740,train
cardiac-00741,train
cardiac-00742,train
cardiac-00743,train
cardiac-00744,train
cardiac-00745,test
cardiac-00746,train
cardiac-00747,train
cardiac-00748,train
cardiac-00749,train
cardiac-00750,train
cardiac-00751,train
cardiac-00752,train
cardiac-00753,train
cardiac-00754,train
cardiac-00755,train
cardiac-00756,train
cardiac-00757,train
cardiac-00758,train
cardiac-00759,test
cardiac-00760,train
cardiac-00761,train
cardiac-00762,train
cardiac-00763,train
cardiac-00764,train
cardiac-00765,train
cardiac-00766,train
cardiac-00767,train
cardiac-00768,train
cardiac-00769,train
cardiac-00770,train
cardiac-00771,train
cardiac-00772,train
cardiac-00773,test
cardiac-00774,train
cardiac-00775,train
cardiac-00776,train
cardiac-00777,train
cardiac-00778,train
cardiac-00779,train
cardiac-00780,train
cardiac-00781,train
cardiac-00782,train
cardiac-00783,train
cardiac-00784,train
cardiac-00785,train
cardiac-00786,train
cardiac-00787,train
cardiac-00788,test
cardiac-00789,train
cardiac-00790,train
cardiac-00791,test
cardiac-00792,train
cardiac-00793,train
cardiac-00794,test
cardiac-00795,train
cardiac-00796,train
cardiac-00797,train
cardiac-00798,test
cardiac-00799,train
cardiac-00800,train
cardiac-00801,train
cardiac-00802,train
cardiac-00803,train
cardiac-00804,train
cardiac-00805,train
cardiac-00806,train
cardiac-00807,train
cardiac-00808,train
cardiac-00809,train
cardiac-00810,train
cardiac-00811,train
cardiac-00812,test
cardiac-00813,test
cardiac-00814,train
cardiac-00815,train
cardiac-00816,train
cardiac-00817,test
cardiac-00818,train
cardiac-00819,train
cardiac-00820,train
cardiac-00821,train
cardiac-00822,train
cardiac-00823,test
cardiac-00824,test
cardiac-00825,train
cardiac-00826,train
cardiac-00827,train
cardiac-00828,train
cardiac-00829,train
cardiac-00830,train
cardiac-00831,train
cardiac-00832,train
cardiac-00833,train
cardiac-00834,train
cardiac-00835,train
cardiac-00836,train
cardiac-00837,train
cardiac-00838,train
cardiac-00839,train
cardiac-00840,test
cardiac-00841,train
cardiac-00842,train
cardiac-00843,train
cardiac-00844,test
cardiac-00845,train
cardiac-00846,train
cardiac-00847,test
cardiac-00848,test
cardiac-00849,test
cardiac-00850,test
cardiac-00851,train
cardiac-00852,train
cardiac-00853,train
cardiac-00854,train
cardiac-00855,train
cardiac-00856,train
cardiac-00857,train
cardiac-00858,train
cardiac-00859,train
cardiac-00860,test
cardiac-00861,train
cardiac-00862,train
cardiac-00863,test
cardiac-00864,train
cardiac-00865,train
cardiac-00866,train
cardiac-00867,train
cardiac-00868,train
cardiac-00869,test
cardiac-00870,train
cardiac-00871,train
cardiac-00872,train
cardiac-00873,train
cardiac-00874,train
cardiac-00875,train
cardiac-00876,train
cardiac-00877,train
cardiac-00878,train
cardiac-00879,train
cardiac-00880,train
cardiac-00881,train
cardiac-00882,train
cardiac-00883,train
cardiac-00884,test
cardiac-00885,train
cardiac-00886,train
cardiac-00887,train
cardiac-00888,train
cardiac-00889,train
cardiac-00890,train
cardiac-00891,train
cardiac-00892,train
cardiac-00893,train
cardiac-00894,test
cardiac-00895,test
cardiac-00896,train
cardiac-00897,train
cardiac-00898,train
cardiac-00899,train
cardiac-00900,test
cardiac-00901,train
cardiac-00902,train
cardiac-00903,test
cardiac-00904,train
cardiac-00905,train
cardiac-00906,train
cardiac-00907,train
cardiac-00908,test
cardiac-00909,train
cardiac-00910,train
cardiac-00911,test
cardiac-00912,train
cardiac-00913,test
cardiac-00914,train
cardiac-00915,train
cardiac-00916,train
cardiac-00917,train
cardiac-00918,train
cardiac-00919,train
cardiac-00920,train
cardiac-00921,train
cardiac-00922,train
cardiac-00923,train
cardiac-00924,train
cardiac-00925,train
cardiac-00926,test
cardiac-00927,train
cardiac-00928,train
cardiac-00929,train
cardiac-00930,test
cardiac-00931,train
cardiac-00932,train
cardiac-00933,train
cardiac-00934,train
cardiac-00935,train
cardiac-00936,train
cardiac-00937,train
cardiac-00938,train
cardiac-00939,train
cardiac-00940,train
cardiac-00941,train
cardiac-00942,train
cardiac-00943,train
cardiac-00944,train
cardiac-00945,train
cardiac-00946,train
cardiac-00947,train
cardiac-00948,train
cardiac-00949,train
cardiac-00950,train
cardiac-00951,train
cardiac-00952,test
cardiac-00953,test
cardiac-00954,train
cardiac-00955,train
cardiac-00956,train
cardiac-00957,train
cardiac-00958,train
cardiac-00959,train
cardiac-00960,train
cardiac-00961,train
cardiac-00962,train
cardiac-00963,train
cardiac-00964,train
cardiac-00965,test
cardiac-00966,train
cardiac-00967,train
cardiac-00968,test
cardiac-00969,train
cardiac-00970,train
cardiac-00971,train
cardiac-00972,train
cardiac-00973,train
cardiac-00974,train
cardiac-00975,train
cardiac-00976,train
cardiac-00977,train
cardiac-00978,train
cardiac-00979,train
cardiac-00980,train
cardiac-00981,train
cardiac-00982,train
cardiac-00983,test
cardiac-00984,train
cardiac-00985,train
cardiac-00986,train
cardiac-00987,train
cardiac-00988,train
cardiac-00989,train
cardiac-00990,train
cardiac-00991,test
cardiac-00992,train
cardiac-00993,train
cardiac-00994,train
cardiac-00995,train
cardiac-00996,train
cardiac-00997,train
cardiac-00998,train
cardiac-00999,train
cardiac-01000,train
cardiac-01001,train
cardiac-01002,train
cardiac-01003,test
cardiac-01004,train
cardiac-01005,train
cardiac-01006,train
cardiac-01007,test
cardiac-01008,test
cardiac-01009,test
cardiac-01010,train
cardiac-01011,test
cardiac-01012,train
cardiac-01013,train
cardiac-01014,train
cardiac-01015,train
cardiac-01016,train
cardiac-01017,train
cardiac-01018,train
cardiac-01019,train
cardiac-01020,train
cardiac-01021,train
cardiac-01022,train
cardiac-01023,train
cardiac-01024,train
cardiac-01025,train
cardiac-01026,train
cardiac-01027,train
cardiac-01028,train
cardiac-01029,train
cardiac-01030,test
cardiac-01031,test
cardiac-01032,train
cardiac-01033,train
cardiac-01034,test
cardiac-01035,train
cardiac-01036,train
cardiac-01037,test
cardiac-01038,train
cardiac-01039,train
cardiac-01040,train
cardiac-01041,test
cardiac-01042,test
cardiac-01043,train
cardiac-01044,train
cardiac-01045,train
cardiac-01046,test
cardiac-01047,train
cardiac-01048,train
cardiac-01049,train
cardiac-01050,train
cardiac-01051,train
cardiac-01052,train
cardiac-01053,train
cardiac-01054,train
cardiac-01055,train
cardiac-01056,train
cardiac-01057,train
cardiac-01058,train
cardiac-01059,train
cardiac-01060,train
cardiac-01061,train
cardiac-01062,train
cardiac-01063,train
cardiac-01064,train
cardiac-01065,train
cardiac-01066,train
cardiac-01067,test
cardiac-01068,train
cardiac-01069,train
cardiac-01070,train
cardiac-01071,train
cardiac-01072,train
cardiac-01073,train
cardiac-01074,train
cardiac-01075,train
cardiac-01076,train
cardiac-01077,train
cardiac-01078,train
cardiac-01079,train
cardiac-01080,train
cardiac-01081,train
cardiac-01082,train
cardiac-01083,train
cardiac-01084,train
cardiac-01085,test
cardiac-01086,train
cardiac-01087,train
cardiac-01088,train
cardiac-01089,train
cardiac-01090,train
cardiac-01091,train
cardiac-01092,test
cardiac-01093,train
cardiac-01094,train
cardiac-01095,train
cardiac-01096,train
cardiac-01097,train
cardiac-01098,train
cardiac-01099,test
cardiac-01100,train
cardiac-01101,train
cardiac-01102,test
cardiac-01103,train
cardiac-01104,test
cardiac-01105,train
cardiac-01106,train
cardiac-01107,train
cardiac-01108,train
cardiac-01109,train
cardiac-01110,train
cardiac-01111,train
cardiac-01112,train
cardiac-01113,test
cardiac-01114,train
cardiac-01115,train
cardiac-01116,test
cardiac-01117,test
cardiac-01118,train
cardiac-01119,train
cardiac-01120,train
cardiac-01121,train
cardiac-01122,test
cardiac-01123,train
cardiac-01124,test
cardiac-01125,train
cardiac-01126,train
cardiac-01127,train
cardiac-01128,train
cardiac-01129,train
cardiac-01130,train
cardiac-01131,train
cardiac-01132,train
cardiac-01133,train
cardiac-01134,train
cardiac-01135,test
cardiac-01136,train
cardiac-01137,train
cardiac-01138,train
cardiac-01139,train
cardiac-01140,train
cardiac-01141,test
cardiac-01142,train
cardiac-01143,test
cardiac-01144,train
cardiac-01145,test
cardiac-01146,train
cardiac-01147,test
cardiac-01148,train
cardiac-01149,test
cardiac-01150,train
cardiac-01151,test
cardiac-01152,train
cardiac-01153,train
cardiac-01154,train
cardiac-01155,train
cardiac-01156,test
cardiac-01157,train
cardiac-01158,train
cardiac-01159,train
cardiac-01160,train
cardiac-01161,train
cardiac-01162,train
cardiac-01163,train
cardiac-01164,train
cardiac-01165,train
cardiac-01166,train
cardiac-01167,train
cardiac-01168,train
cardiac-01169,train
cardiac-01170,train
cardiac-01171,train
cardiac-01172,train
cardiac-01173,test
cardiac-01174,train
cardiac-01175,train
cardiac-01176,train
cardiac-01177,train
cardiac-01178,train
cardiac-01179,train
cardiac-01180,test
cardiac-01181,train
cardiac-01182,train
cardiac-01183,train
cardiac-01184,train
cardiac-01185,test
cardiac-01186,train
cardiac-01187,train
cardiac-01188,train
cardiac-01189,train
cardiac-01190,test
cardiac-01191,train
cardiac-01192,train
cardiac-01193,train
cardiac-01194,train
cardiac-01195,train
cardiac-01196,train
cardiac-01197,train
cardiac-01198,train
cardiac-01199,train
cardiac-01200,train
cardiac-01201,train
cardiac-01202,test
cardiac-01203,train
cardiac-01204,train
cardiac-01205,train
cardiac-01206,train
cardiac-01207,train
cardiac-01208,train
cardiac-01209,train
cardiac-01210,train
cardiac-01211,train
cardiac-01212,train
cardiac-01213,train
cardiac-01214,train
cardiac-01215,test
cardiac-01216,train
cardiac-01217,train
cardiac-01218,train
cardiac-01219,train
cardiac-01220,test
cardiac-01221,train
cardiac-01222,train
cardiac-01223,train
cardiac-01224,train
cardiac-01225,train
cardiac-01226,test
cardiac-01227,train
cardiac-01228,test
cardiac-01229,train
cardiac-01230,train
cardiac-01231,train
cardiac-01232,train
cardiac-01233,train
cardiac-01234,test
cardiac-01235,train
cardiac-01236,test
cardiac-01237,train
cardiac-01238,test
cardiac-01239,train
cardiac-01240,train
cardiac-01241,train
cardiac-01242,test
cardiac-01243,train
cardiac-01244,train
cardiac-01245,train
cardiac-01246,train
cardiac-01247,train
cardiac-01248,train
cardiac-01249,train
cardiac-01250,train
cardiac-01251,test
cardiac-01252,train
cardiac-01253,train
cardiac-01254,train
cardiac-01255,train
cardiac-01256,train
cardiac-01257,train
cardiac-01258,train
cardiac-01259,test
cardiac-01260,train
cardiac-01261,train
cardiac-01262,train
cardiac-01263,test
cardiac-01264,train
cardiac-01265,train
cardiac-01266,train
cardiac-01267,test
cardiac-01268,test
cardiac-01269,train
cardiac-01270,train
cardiac-01271,train
cardiac-01272,train
cardiac-01273,train
cardiac-01274,train
cardiac-01275,train
cardiac-01276,train
cardiac-01277,train
cardiac-01278,train
cardiac-01279,test
cardiac-01280,train
cardiac-01281,train
cardiac-01282,train
cardiac-01283,train
cardiac-01284,train
cardiac-01285,train
cardiac-01286,test
cardiac-01287,train
cardiac-01288,test
cardiac-01289,train
cardiac-01290,test
cardiac-01291,test
cardiac-01292,train
cardiac-01293,train
cardiac-01294,train
cardiac-01295,train
cardiac-01296,train
cardiac-01297,train
cardiac-01298,train
cardiac-01299,train
cardiac-01300,train
cardiac-01301,train
cardiac-01302,test
cardiac-01303,train
cardiac-01304,train
cardiac-01305,train
cardiac-01306,test
cardiac-01307,train
cardiac-01308,train
cardiac-01309,test
cardiac-01310,train
cardiac-01311,train
cardiac-01312,train
cardiac-01313,train
cardiac-01314,train
cardiac-01315,test
cardiac-01316,train
cardiac-01317,train
cardiac-01318,train
cardiac-01319,test
cardiac-01320,train
cardiac-01321,train
cardiac-01322,train
cardiac-01323,train
cardiac-01324,train
cardiac-01325,test
cardiac-01326,train
cardiac-01327,train
cardiac-01328,train
cardiac-01329,test
cardiac-01330,train
cardiac-01331,train
cardiac-01332,test
cardiac-01333,train
cardiac-01334,train
cardiac-01335,train
cardiac-01336,train
cardiac-01337,test
cardiac-01338,test
cardiac-01339,train
cardiac-01340,train
cardiac-01341,train
cardiac-01342,train
cardiac-01343,train
cardiac-01344,test
cardiac-01345,train
cardiac-01346,train
cardiac-01347,train
cardiac-01348,train
cardiac-01349,train
cardiac-01350,test
cardiac-01351,train
cardiac-01352,train
cardiac-01353,train
cardiac-01354,test
cardiac-01355,train
cardiac-01356,train
cardiac-01357,train
cardiac-01358,train
cardiac-01359,train
cardiac-01360,test
cardiac-01361,train
cardiac-01362,train
cardiac-01363,train
cardiac-01364,train
cardiac-01365,test
cardiac-01366,train
cardiac-01367,train
cardiac-01368,train
cardiac-01369,test
cardiac-01370,train
cardiac-01371,train
cardiac-01372,train
cardiac-01373,train
cardiac-01374,train
cardiac-01375,train
cardiac-01376,train
cardiac-01377,train
cardiac-01378,train
cardiac-01379,train
cardiac-01380,test
cardiac-01381,test
cardiac-01382,test
cardiac-01383,train
cardiac-01384,train
cardiac-01385,train
cardiac-01386,train
cardiac-01387,test
cardiac-01388,train
cardiac-01389,train
cardiac-01390,train
cardiac-01391,train
cardiac-01392,train
cardiac-01393,train
cardiac-01394,train
cardiac-01395,train
cardiac-01396,train
cardiac-01397,train
cardiac-01398,test
cardiac-01399,train
cardiac-01400,train
cardiac-01401,train
cardiac-01402,train
cardiac-01403,test
cardiac-01404,test
cardiac-01405,train
cardiac-01406,test
cardiac-01407,train
cardiac-01408,train
cardiac-01409,train
cardiac-01410,train
cardiac-01411,test
cardiac-01412,train
cardiac-01413,test
cardiac-01414,train
cardiac-01415,train
cardiac-01416,train
cardiac-01417,train
cardiac-01418,train
cardiac-01419,train
cardiac-01420,test
cardiac-01421,train
cardiac-01422,train
cardiac-01423,test
cardiac-01424,train
cardiac-01425,train
cardiac-01426,train
cardiac-01427,train
cardiac-01428,train
cardiac-01429,train
cardiac-01430,train
cardiac-01431,train
cardiac-01432,train
cardiac-01433,train
cardiac-01434,test
cardiac-01435,train
cardiac-01436,train
cardiac-01437,train
cardiac-01438,train
cardiac-01439,train
cardiac-01440,train
cardiac-01441,train
cardiac-01442,test
cardiac-01443,train
cardiac-01444,train
cardiac-01445,train
cardiac-01446,test
cardiac-01447,train
cardiac-01448,train
cardiac-01449,test
cardiac-01450,test
cardiac-01451,train
cardiac-01452,train
cardiac-01453,train
cardiac-01454,train
cardiac-01455,train
cardiac-01456,test
cardiac-01457,train
cardiac-01458,train
cardiac-01459,train
cardiac-01460,train
cardiac-01461,train
cardiac-01462,train
cardiac-01463,train
cardiac-01464,train
cardiac-01465,train
cardiac-01466,train
cardiac-01467,train
cardiac-01468,train
cardiac-01469,train
cardiac-01470,train
cardiac-01471,train
cardiac-01472,train
cardiac-01473,train
cardiac-01474,train
cardiac-01475,train
cardiac-01476,train
cardiac-01477,train
cardiac-01478,train
cardiac-01479,train
cardiac-01480,test
cardiac-01481,train
cardiac-01482,train
cardiac-01483,train
cardiac-01484,train
cardiac-01485,train
cardiac-01486,train
cardiac-01487,train
cardiac-01488,train
cardiac-01489,train
cardiac-01490,train
cardiac-01491,train
cardiac-01492,train
cardiac-01493,train
cardiac-01494,train
cardiac-01495,train
cardiac-01496,train
cardiac-01497,train
cardiac-01498,train
cardiac-01499,train
cardiac-01500,train
cardiac-01501,train
cardiac-01502,train
cardiac-01503,train
cardiac-01504,train
cardiac-01505,train
cardiac-01506,train
cardiac-01507,test
cardiac-01508,train
cardiac-01509,test
cardiac-01510,train
cardiac-01511,test
cardiac-01512,train
cardiac-01513,test
cardiac-01514,test
cardiac-01515,train
cardiac-01516,train
cardiac-01517,train
cardiac-01518,train
cardiac-01519,train
cardiac-01520,train
cardiac-01521,train
cardiac-01522,train
cardiac-01523,train
cardiac-01524,test
cardiac-01525,train
cardiac-01526,test
cardiac-01527,train
cardiac-01528,train
cardiac-01529,train
cardiac-01530,test
cardiac-01531,train
cardiac-01532,train
cardiac-01533,test
cardiac-01534,test
cardiac-01535,train
cardiac-01536,train
cardiac-01537,train
cardiac-01538,test
cardiac-01539,train
cardiac-01540,train
cardiac-01541,test
cardiac-01542,train
cardiac-01543,train
cardiac-01544,train
cardiac-01545,train
cardiac-01546,train
cardiac-01547,test
cardiac-01548,train
cardiac-01549,train
cardiac-01550,test
cardiac-01551,train
cardiac-01552,test
cardiac-01553,train
cardiac-01554,train
cardiac-01555,train
cardiac-01556,train
cardiac-01557,train
cardiac-01558,train
cardiac-01559,train
cardiac-01560,train
cardiac-01561,train
cardiac-01562,train
cardiac-01563,train
cardiac-01564,train
cardiac-01565,train
cardiac-01566,train
cardiac-01567,train
cardiac-01568,train
cardiac-01569,train
cardiac-01570,train
cardiac-01571,train
cardiac-01572,train
cardiac-01573,train
cardiac-01574,train
cardiac-01575,test
cardiac-01576,train
cardiac-01577,test
cardiac-01578,train
cardiac-01579,train
cardiac-01580,train
cardiac-01581,train
cardiac-01582,train
cardiac-01583,train
cardiac-01584,test
cardiac-01585,train
cardiac-01586,train
cardiac-01587,train
cardiac-01588,train
cardiac-01589,train
cardiac-01590,test
cardiac-01591,test
cardiac-01592,train
cardiac-01593,test
cardiac-01594,train
cardiac-01595,test
cardiac-01596,train
cardiac-01597,train
cardiac-01598,train
cardiac-01599,test
cardiac-01600,train
cardiac-01601,train
cardiac-01602,train
cardiac-01603,train
cardiac-01604,train
cardiac-01605,train
cardiac-01606,train
cardiac-01607,train
cardiac-01608,train
cardiac-01609,train
cardiac-01610,train
cardiac-01611,test
cardiac-01612,test
cardiac-01613,train
cardiac-01614,train
cardiac-01615,train
cardiac-01616,train
cardiac-01617,train
cardiac-01618,train
cardiac-01619,train
cardiac-01620,train
cardiac-01621,test
cardiac-01622,train
cardiac-01623,train
cardiac-01624,train
cardiac-01625,train
cardiac-01626,train
cardiac-01627,train
cardiac-01628,train
cardiac-01629,train
cardiac-01630,train
cardiac-01631,train
cardiac-01632,train
cardiac-01633,train
cardiac-01634,train
cardiac-01635,train
cardiac-01636,train
cardiac-01637,test
cardiac-01638,train
cardiac-01639,train
cardiac-01640,train
cardiac-01641,train
cardiac-01642,test
cardiac-01643,train
cardiac-01644,train
cardiac-01645,test
cardiac-01646,train
cardiac-01647,train
cardiac-01648,train
cardiac-01649,train
cardiac-01650,train
cardiac-01651,train
cardiac-01652,test
cardiac-01653,train
cardiac-01654,test
cardiac-01655,train
cardiac-01656,train
cardiac-01657,train
cardiac-01658,train
cardiac-01659,train
cardiac-01660,train
cardiac-01661,train
cardiac-01662,train
cardiac-01663,train
cardiac-01664,train
cardiac-01665,test
cardiac-01666,train
cardiac-01667,train
cardiac-01668,test
cardiac-01669,train
cardiac-01670,train
cardiac-01671,train
cardiac-01672,test
cardiac-01673,test
cardiac-01674,train
cardiac-01675,train
cardiac-01676,train
cardiac-01677,train
cardiac-01678,train
cardiac-01679,train
cardiac-01680,train
cardiac-01681,train
cardiac-01682,train
cardiac-01683,train
cardiac-01684,train
cardiac-01685,test
cardiac-01686,test
cardiac-01687,train
cardiac-01688,test
cardiac-01689,test
cardiac-01690,train
cardiac-01691,train
cardiac-01692,test
cardiac-01693,train
cardiac-01694,test
cardiac-01695,test
cardiac-01696,train
cardiac-01697,train
cardiac-01698,train
cardiac-01699,train
cardiac-01700,test
cardiac-01701,train
cardiac-01702,train
cardiac-01703,test
cardiac-01704,train
cardiac-01705,train
cardiac-01706,train
cardiac-01707,train
cardiac-01708,train
cardiac-01709,train
cardiac-01710,test
cardiac-01711,test
cardiac-01712,train
cardiac-01713,train
cardiac-01714,train
cardiac-01715,train
cardiac-01716,train
cardiac-01717,train
cardiac-01718,train
cardiac-01719,test
cardiac-01720,train
cardiac-01721,train
cardiac-01722,train
cardiac-01723,train
cardiac-01724,train
cardiac-01725,train
cardiac-01726,train
cardiac-01727,train
cardiac-01728,train
cardiac-01729,train
cardiac-01730,train
cardiac-01731,train
cardiac-01732,train
cardiac-01733,test
cardiac-01734,train
cardiac-01735,test
cardiac-01736,test
cardiac-01737,train
cardiac-01738,train
cardiac-01739,train
cardiac-01740,train
cardiac-01741,train
cardiac-01742,train
cardiac-01743,train
cardiac-01744,train
cardiac-01745,test
cardiac-01746,train
cardiac-01747,train
cardiac-01748,train
cardiac-01749,train
cardiac-01750,train
cardiac-01751,train
cardiac-01752,train
cardiac-01753,train
cardiac-01754,test
cardiac-01755,train
cardiac-01756,test
cardiac-01757,train
cardiac-01758,train
cardiac-01759,test
cardiac-01760,train
cardiac-01761,train
cardiac-01762,train
cardiac-01763,train
cardiac-01764,train
cardiac-01765,train
cardiac-01766,train
cardiac-01767,train
cardiac-01768,train
cardiac-01769,train
cardiac-01770,train
cardiac-01771,train
cardiac-01772,train
cardiac-01773,train
cardiac-01774,test
cardiac-01775,test
cardiac-01776,train
cardiac-01777,test
cardiac-01778,train
cardiac-01779,train
cardiac-01780,test
cardiac-01781,train
cardiac-01782,train
cardiac-01783,train
cardiac-01784,train
cardiac-01785,train
cardiac-01786,train
cardiac-01787,train
cardiac-01788,train
cardiac-01789,test
cardiac-01790,test
cardiac-01791,train
cardiac-01792,train
cardiac-01793,train
cardiac-01794,train
cardiac-01795,train
cardiac-01796,train
cardiac-01797,train
cardiac-01798,test
cardiac-01799,train
cardiac-01800,test
cardiac-01801,train
cardiac-01802,train
cardiac-01803,train
cardiac-01804,train
cardiac-01805,test
cardiac-01806,test
cardiac-01807,train
cardiac-01808,train
cardiac-01809,train
cardiac-01810,train
cardiac-01811,train
cardiac-01812,train
cardiac-01813,test
cardiac-01814,train
cardiac-01815,train
cardiac-01816,train
cardiac-01817,train
cardiac-01818,train
cardiac-01819,train
cardiac-01820,test
cardiac-01821,train
cardiac-01822,train
cardiac-01823,train
cardiac-01824,train
cardiac-01825,train
cardiac-01826,test
cardiac-01827,test
cardiac-01828,train
cardiac-01829,train
cardiac-01830,train
cardiac-01831,train
cardiac-01832,train
cardiac-01833,train
cardiac-01834,train
cardiac-01835,train
cardiac-01836,train
cardiac-01837,train
cardiac-01838,train
cardiac-01839,train
cardiac-01840,train
cardiac-01841,test
cardiac-01842,train
cardiac-01843,train
cardiac-01844,train
cardiac-01845,test
cardiac-01846,train
cardiac-01847,train
cardiac-01848,train
cardiac-01849,test
cardiac-01850,train
cardiac-01851,train
cardiac-01852,train
cardiac-01853,train
cardiac-01854,train
cardiac-01855,test
cardiac-01856,test
cardiac-01857,train
cardiac-01858,train
cardiac-01859,train
cardiac-01860,train
cardiac-01861,train
cardiac-01862,train
cardiac-01863,train
cardiac-01864,train
cardiac-01865,test
cardiac-01866,test
cardiac-01867,test
cardiac-01868,train
cardiac-01869,train
cardiac-01870,train
cardiac-01871,test
cardiac-01872,train
cardiac-01873,test
cardiac-01874,train
cardiac-01875,train
cardiac-01876,train
cardiac-01877,test
cardiac-01878,test
cardiac-01879,test
cardiac-01880,test
cardiac-01881,test
cardiac-01882,train
cardiac-01883,train
cardiac-01884,train
cardiac-01885,test
cardiac-01886,train
cardiac-01887,train
cardiac-01888,test
cardiac-01889,test
cardiac-01890,test
cardiac-01891,train
cardiac-01892,train
cardiac-01893,train
cardiac-01894,train
cardiac-01895,train
cardiac-01896,train
cardiac-01897,train
cardiac-01898,train
cardiac-01899,train
cardiac-01900,test
cardiac-01901,train
cardiac-01902,test
cardiac-01903,test
cardiac-01904,train
cardiac-01905,train
cardiac-01906,train
cardiac-01907,train
cardiac-01908,train
cardiac-01909,train
cardiac-01910,train
cardiac-01911,train
cardiac-01912,test
cardiac-01913,train
cardiac-01914,train
cardiac-01915,train
cardiac-01916,train
cardiac-01917,train
cardiac-01918,train
cardiac-01919,train
cardiac-01920,train
cardiac-01921,test
cardiac-01922,train
cardiac-01923,train
cardiac-01924,train
cardiac-01925,train
cardiac-01926,train
cardiac-01927,train
cardiac-01928,test
cardiac-01929,train
cardiac-01930,train
cardiac-01931,train
cardiac-01932,train
cardiac-01933,train
cardiac-01934,train
cardiac-01935,train
cardiac-01936,train
cardiac-01937,train
cardiac-01938,train
cardiac-01939,train
cardiac-01940,test
cardiac-01941,train
cardiac-01942,train
cardiac-01943,train
cardiac-01944,train
cardiac-01945,train
cardiac-01946,train
cardiac-01947,train
cardiac-01948,train
cardiac-01949,train
cardiac-01950,train
cardiac-01951,test
cardiac-01952,test
cardiac-01953,test
cardiac-01954,train
cardiac-01955,train
cardiac-01956,test
cardiac-01957,train
cardiac-01958,train
cardiac-01959,train
cardiac-01960,train
cardiac-01961,train
cardiac-01962,test
cardiac-01963,test
cardiac-01964,test
cardiac-01965,train
cardiac-01966,test
cardiac-01967,test
cardiac-01968,train
cardiac-01969,train
cardiac-01970,train
cardiac-01971,test
cardiac-01972,train
cardiac-01973,train
cardiac-01974,train
cardiac-01975,test
cardiac-01976,train
cardiac-01977,train
cardiac-01978,train
cardiac-01979,train
cardiac-01980,test
cardiac-01981,train
cardiac-01982,train
cardiac-01983,train
cardiac-01984,train
cardiac-01985,train
cardiac-01986,train
cardiac-01987,train
cardiac-01988,train
cardiac-01989,train
cardiac-01990,train
cardiac-01991,test
cardiac-01992,train
cardiac-01993,train
cardiac-01994,train
cardiac-01995,train
cardiac-01996,test
cardiac-01997,train
cardiac-01998,train
cardiac-01999,train
cardiac-02000,train
cardiac-02001,test
cardiac-02002,test
cardiac-02003,train
cardiac-02004,train
cardiac-02005,train
cardiac-02006,train
cardiac-02007,train
cardiac-02008,train
cardiac-02009,train
cardiac-02010,train
cardiac-02011,train
cardiac-02012,test
cardiac-02013,train
cardiac-02014,train
cardiac-02015,train
cardiac-02016,test
cardiac-02017,test
cardiac-02018,train
cardiac-02019,train
cardiac-02020,train
cardiac-02021,test
cardiac-02022,train
cardiac-02023,train
cardiac-02024,train
cardiac-02025,train
cardiac-02026,train
cardiac-02027,train
cardiac-02028,train
cardiac-02029,train
cardiac-02030,test
cardiac-02031,train
cardiac-02032,train
cardiac-02033,test
cardiac-02034,train
cardiac-02035,train
cardiac-02036,test
cardiac-02037,train
cardiac-02038,train
cardiac-02039,train
cardiac-02040,train
cardiac-02041,train
cardiac-02042,train
cardiac-02043,train
cardiac-02044,train
cardiac-02045,train
cardiac-02046,test
cardiac-02047,train
cardiac-02048,train
cardiac-02049,train
cardiac-02050,train
cardiac-02051,train
cardiac-02052,train
cardiac-02053,test
cardiac-02054,test
cardiac-02055,train
cardiac-02056,train
cardiac-02057,train
cardiac-02058,train
cardiac-02059,train
cardiac-02060,train
cardiac-02061,train
cardiac-02062,train
cardiac-02063,train
cardiac-02064,train
cardiac-02065,train
cardiac-02066,train
cardiac-02067,test
cardiac-02068,train
cardiac-02069,train
cardiac-02070,train
cardiac-02071,train
cardiac-02072,train
cardiac-02073,train
cardiac-02074,train
cardiac-02075,train
cardiac-02076,train
cardiac-02077,test
cardiac-02078,test
cardiac-02079,train
cardiac-02080,test
cardiac-02081,train
cardiac-02082,train
cardiac-02083,test
cardiac-02084,train
cardiac-02085,test
cardiac-02086,train
cardiac-02087,train
cardiac-02088,test
cardiac-02089,test
cardiac-02090,test
cardiac-02091,train
cardiac-02092,train
cardiac-02093,test
cardiac-02094,train
cardiac-02095,test
cardiac-02096,train
cardiac-02097,train
cardiac-02098,train
cardiac-02099,train
cardiac-02100,train
cardiac-02101,train
cardiac-02102,train
cardiac-02103,train
cardiac-02104,train
cardiac-02105,train
cardiac-02106,train
cardiac-02107,train
cardiac-02108,test
cardiac-02109,train
cardiac-02110,train
cardiac-02111,train
cardiac-02112,train
cardiac-02113,test
cardiac-02114,test
cardiac-02115,train
cardiac-02116,test
cardiac-02117,train
cardiac-02118,train
cardiac-02119,train
cardiac-02120,train
cardiac-02121,test
cardiac-02122,train
cardiac-02123,train
cardiac-02124,test
cardiac-02125,train
cardiac-02126,train
cardiac-02127,train
cardiac-02128,train
cardiac-02129,train
cardiac-02130,train
cardiac-02131,train
cardiac-02132,test
cardiac-02133,train
cardiac-02134,train
cardiac-02135,train
cardiac-02136,test
cardiac-02137,train
cardiac-02138,train
cardiac-02139,train
cardiac-02140,train
cardiac-02141,train
cardiac-02142,test
cardiac-02143,train
cardiac-02144,train
cardiac-02145,train
cardiac-02146,train
cardiac-02147,train
cardiac-02148,train
cardiac-02149,test
cardiac-02150,train
cardiac-02151,train
cardiac-02152,train
cardiac-02153,train
cardiac-02154,train
cardiac-02155,train
cardiac-02156,test
cardiac-02157,train
cardiac-02158,train
cardiac-02159,test
cardiac-02160,train
cardiac-02161,train
cardiac-02162,test
cardiac-02163,test
cardiac-02164,train
cardiac-02165,train
cardiac-02166,test
cardiac-02167,train
cardiac-02168,train
cardiac-02169,test
cardiac-02170,test
cardiac-02171,test
cardiac-02172,train
cardiac-02173,test
cardiac-02174,train
cardiac-02175,train
cardiac-02176,train
cardiac-02177,train
cardiac-02178,train
cardiac-02179,test
cardiac-02180,train
cardiac-02181,train
cardiac-02182,train
cardiac-02183,test
cardiac-02184,train
cardiac-02185,train
cardiac-02186,train
cardiac-02187,train
cardiac-02188,train
cardiac-02189,train
cardiac-02190,train
cardiac-02191,train
cardiac-02192,train
cardiac-02193,train
cardiac-02194,train
cardiac-02195,test
cardiac-02196,train
cardiac-02197,train
cardiac-02198,test
cardiac-02199,test
cardiac-02200,train
cardiac-02201,train
cardiac-02202,train
cardiac-02203,test
cardiac-02204,train
cardiac-02205,train
cardiac-02206,train
cardiac-02207,train
cardiac-02208,test
cardiac-02209,train
cardiac-02210,train
cardiac-02211,train
cardiac-02212,train
cardiac-02213,train
cardiac-02214,train
cardiac-02215,train
cardiac-02216,train
cardiac-02217,train
cardiac-02218,test
cardiac-02219,train
cardiac-02220,train
cardiac-02221,train
cardiac-02222,train
cardiac-02223,train
cardiac-02224,test
cardiac-02225,train
cardiac-02226,train
cardiac-02227,train
cardiac-02228,test
cardiac-02229,train
cardiac-02230,train
cardiac-02231,train
cardiac-02232,test
cardiac-02233,train
cardiac-02234,train
cardiac-02235,test
cardiac-02236,train
cardiac-02237,test
cardiac-02238,train
cardiac-02239,train
cardiac-02240,train
cardiac-02241,train
cardiac-02242,test
cardiac-02243,train
cardiac-02244,test
cardiac-02245,train
cardiac-02246,test
cardiac-02247,train
cardiac-02248,test
cardiac-02249,train
cardiac-02250,train
cardiac-02251,train
