Word,Frequency
sēna,533
aur,439
dárd,347
pain,202
sāns,173
chest,172
bohat,105
bēhōsh,80
jálan,77
pasīna,74
kamzōrī,68
dháḍkan,66
aa,56
úlṭī,54
pāir,52
tez,52
bukhār,51
dil,51
heart,43
bhaari,40
chōṭ,40
phūlna,38
left,38
chákkar,38
tak,38
ghabrahat,37
bāzū,36
tight,36
kabhi,36
jaisa,35
halka,35
dono,35
ruk,34
saath,34
lekin,33
khūn,33
tightness,32
peṭ,31
zyada,30
raat,30
baad,29
severe,28
mehsoos,27
shadeed,26
gaya,25
gardan,25
mushkil,25
neend,25
gayi,24
pīṭh,24
thanda,24
tees,24
patient,22
kharish,22
ja,22
hota,22
pressure,21
khānsī,21
haath,20
sūjan,20
jábra,20
sár,19
achanak,19
hoti,19
ab,18
daura,18
history,16
baazu,16
kay,16
jo,16
takleef,15
haml,15
cardiac,15
mild,15
letay,15
jaati,15
gaye,14
high,14
hi,14
irregular,14
lena,14
bhaaree,14
din,13
attack,13
aana,13
halki,13
sweeting,13
lene,12
waqt,12
fast,12
huay,12
jaise,12
ziada,12
buchan,12
pressur,12
lag,11
gir,11
bp,11
collapse,11
taraf,11
si,11
walking,11
bohot,11
shortness,10
abdominal,10
hua,10
sōnn,10
phoolti,10
upar,10
bleading,10
karte,9
dizziness,9
of,9
shuru,9
slow,9
occasional,9
kāndha,9
akar,9
vomitting,9
shouldar,9
type,9
acchaanak,9
side,8
khana,8
migraine,8
asthma,8
food,8
garmīlagna,8
after,8
arrest,8
baayein,8
jabde,8
let,8
choobhan,8
aata,8
pehle,7
haḍḍī,7
ankle,7
poisoning,7
exhaustion,7
girna,7
hand,7
mi,7
dyspnea,7
matli,7
theek,7
baayin,7
ghante,7
baar,7
aaya,7
jaata,7
sakti,6
kaam,6
right,6
knee,6
mōch,6
viral,6
toot,6
sath,6
phail,6
chalne,6
normal,6
gas,6
stress,6
kuch,6
say,6
pe,6
sunapan,6
aate,6
roz,6
lagta,6
gabrahat,6
koi,6
foolna,6
subah,5
hue,5
chal,5
heavy,5
epigastric,5
gastritis,5
wajah,5
lagatar,5
barh,5
sa,5
shikayat,5
rest,5
dharakta,5
ecg,5
karnay,5
exercise,5
chaltay,5
bilkul,5
liye,5
rozana,5
khane,5
aayi,5
uthne,5
ulta,4
radiation,4
wheezing,4
typhoid,4
kitchen,4
teen,4
blurred,4
vision,4
breathlessness,4
throat,4
dengue,4
suspect,4
copd,4
discomfort,4
fatigue,4
cut,4
gastric,4
kam,4
jaisi,4
band,4
dabao,4
magar,4
ghar,4
failure,4
aaram,4
phir,4
sakta,4
galay,4
guthli,4
tej,4
rok,4
utha,4
hui,4
pareshan,4
bucha,4
paon,4
thanday,4
paaon,4
padta,4
atakti,4
mausam,4
dardnaak,4
chalte,4
so,4
short,4
eating,4
rate,4
beats,4
baat,3
body,3
do,3
kharab,3
shūgar,3
douran,3
sore,3
sports,3
lifting,3
revived,3
cramps,3
cold,3
vertigo,3
bhari,3
barhta,3
abnormal,3
lay,3
caffeine,3
both,3
jab,3
ruknay,3
jaisay,3
bayin,3
peene,3
hone,3
ultiyan,3
muuh,3
tarah,3
aaraam,3
andar,3
main,3
sensation,3
chalti,3
beating,3
without,3
daily,3
seconds,3
thik,3
skipping,3
bike,2
accident,2
ghoom,2
aankhen,2
dast,2
girnay,2
chuka,2
months,2
loosemotions,2
shak,2
light,2
khelte,2
lower,2
previous,2
weight,2
uthate,2
clot,2
wrist,2
kami,2
zehni,2
uljhan,2
shiddat,2
kalai,2
bar,2
ehsaas,2
tea,2
flat,2
intense,2
menopause,2
related,2
thyroid,2
bypass,2
on,2
tingling,2
bojhal,2
jata,2
minute,2
door,2
saal,2
coffee,2
achaanak,2
nikki,2
beech,2
mu,2
khatta,2
peechle,2
haathon,2
khusk,2
movement,2
thandak,2
baith,2
jhatkay,2
lagte,2
paanch,2
daant,2
naak,2
dikkat,2
pēshāb,2
sardiyon,2
chand,2
zara,2
karo,2
khade,2
chaal,2
maidani,2
dum,2
kandhon,2
kapkapaate,2
ek,2
rokna,2
phasne,2
bichu,2
kaat,2
tezi,2
badh,2
jhaag,2
khoya,2
isi,2
aaj,2
jagah,2
chonk,2
uthta,2
tootna,2
khaate,2
phaili,2
rahta,2
baithna,2
parta,2
aaye,2
badhta,2
pata,2
kapkapa,2
uthi,2
lagataar,2
uthna,2
ultiyaan,2
bichhu,2
atak,2
bleding,2
kiya,2
sirf,2
jati,2
hun,2
saat,2
jayega,2
thodi,2
poori,2
skip,2
like,2
ana,2
down,2
kaanpna,2
very,2
reason,2
jawline,2
basis,2
nali,2
itni,2
time,2
rukti,2
bathroom,2
racing,2
aati,2
akkad,2
shaky,2
baitha,2
baithay,2
dhundlee,1
mareez,1
roadside,1
khaya,1
alert,1
bhook,1
ilaaj,1
utar,1
aag,1
seedhiyon,1
phut,1
construction,1
site,1
lagi,1
sensitivity,1
dvt,1
episode,1
known,1
treatment,1
ongoing,1
face,1
exacerbation,1
wheeze,1
radiating,1
early,1
possible,1
burns,1
days,1
dhundli,1
gehri,1
jism,1
ghutnay,1
seeti,1
awaaz,1
bazari,1
kha,1
mur,1
wazan,1
kamár,1
jild,1
puranay,1
marz,1
soojan,1
revive,1
ghutna,1
sakht,1
physical,1
activity,1
bawajood,1
behad,1
beh,1
dour,1
para,1
baazuon,1
cum,1
naachta,1
lagti,1
kanpton,1
area,1
family,1
better,1
minutes,1
rep,1
kah,1
since,1
hour,1
insuline,1
leta,1
hon,1
antacids,1
collapsing,1
diaphoresis,1
anemia,1
surgery,1
standing,1
medicine,1
exertion,1
arrested,1
indigestion,1
aspirin,1
kankhar,1
jaye,1
ga,1
kabhar,1
floor,1
woh,1
dawaa,1
farq,1
mila,1
symptoms,1
cpr,1
diya,1
shoulders,1
horahe,1
near,1
anger,1
congestive,1
test,1
chahiye,1
charhata,1
moun,1
char,1
mazdoori,1
ilaqay,1
sansein,1
zaher,1
darmiyan,1
kalaai,1
halak,1
teesaa,1
shikaayat,1
charhta,1
majdoori,1
ilaaqay,1
saansein,1
zeher,1
darmiyaan,1
behna,1
kisam,1
sudden,1
phatne,1
stop,1
shift,1
bina,1
minor,1
rehta,1
bloating,1
baghair,1
low,1
night,1
check,1
chadar,1
bheeg,1
atakta,1
start,1
lock,1
oper,1
rukta,1
bas,1
dawai,1
shdeed,1
chene,1
dab,1
cheez,1
rakh,1
di,1
badta,1
sai,1
sooi,1
chubh,1
lete,1
der,1
sakay,1
ghanto,1
tension,1
faida,1
nitroglycerin,1
sitting,1
piercing,1
li,1
bahot,1
climbing,1
stairs,1
weightlifting,1
acche,1
bahar,1
needle,1
karna,1
acchanak,1
often,1
badhti,1
rookti,1
moving,1
any,1
deeply,1
spread,1
bhoot,1
mai,1
nind,1
aai,1
chod,1
gati,1
extreme,1
yaad,1
teer,1
kaanp,1
gym,1
letnay,1
nahaate,1
meal,1
toilet,1
frequently,1
chuki,1
gurguri,1
awaz,1
sometimes,1
bhara,1
jan,1
chehra,1
walk,1
smoking,1
dabaya,1
karne,1
aane,1
bed,1
thande,1
baal,1
comb,1
at,1
marega,1
acid,1
nighttime,1
worse,1
lying,1
and,1
steps,1
many,1
times,1
