seed,space,intra_cosine_distance,inter_cosine_distance,difference,mention_silhouette,urgency_silhouette,anosim_R,anosim_p_unadjusted,nearest_mention_match,kmeans_ARI,anosim_p_holm
42,768-D paired SapBERT,0.2495293537423158,0.39108454190285313,0.14155518816053733,0.2512382849669757,-0.03586915085711398,0.7594910526315789,0.002,0.92,0.6917100581583404,0.032
42,64-D serving PCA,0.6310872348868165,1.0238904863822145,0.39280325149539796,0.2811207713255383,-0.03974282510901539,0.8080052631578946,0.002,0.89,0.7033091568449683,0.032
42,2-D serving PCA,0.5385975931726584,1.0129894423723242,0.4743918491996658,-0.13203560444205856,-0.08009873053055226,0.3502152631578947,0.002,0.32,0.2191461176670758,0.032
42,2-D diagnostic PCA,0.2608868885350217,1.1438711563214752,0.8829842677864534,0.32137642614372575,-0.11606684722030394,0.6835489473684211,0.002,0.6,0.48126055149127744,0.032
99,768-D paired SapBERT,0.2497057055194066,0.4036264213483428,0.1539207158289362,0.23203445411000506,-0.037963225280780846,0.7490952631578949,0.002,0.93,0.7195394698457769,0.032
99,64-D serving PCA,0.6077354742898892,1.0127132706077018,0.4049777963178126,0.2854915779895262,-0.025548907178877672,0.8404815789473685,0.002,0.89,0.6929661332340901,0.032
99,2-D serving PCA,0.49466113590841665,0.9919926491875847,0.497331513279168,-0.08119090410879597,-0.12855292791686376,0.40573052631578954,0.002,0.38,0.21234008888774544,0.032
99,2-D diagnostic PCA,0.19093622102755928,1.11619681030238,0.9252605892748208,0.28548624506229203,-0.13502232879990425,0.7061378947368421,0.002,0.58,0.4818792179178016,0.032
404,768-D paired SapBERT,0.2538243265371887,0.4020855811522172,0.14826125461502848,0.24278828699329072,-0.03904258597899839,0.7393084210526315,0.002,0.94,0.5936083408884859,0.032
404,64-D serving PCA,0.6169647900995174,1.0136516381350043,0.3966868480354868,0.29077300172841036,-0.02512414145869616,0.82672,0.002,0.93,0.7756930831699804,0.032
404,2-D serving PCA,0.5891143340488207,0.9835232507507521,0.39440891670193134,-0.08981824978165565,-0.10312641436299914,0.3161078947368421,0.002,0.32,0.1858292332013002,0.032
404,2-D diagnostic PCA,0.3183538244495031,1.133185898469054,0.8148320740195508,0.2823387242097349,-0.09115232589186223,0.6599073684210527,0.002,0.61,0.4874202574825947,0.032
777,768-D paired SapBERT,0.25709211310918356,0.40806658716857674,0.15097447405939318,0.2564795720521106,-0.040147880280869776,0.7599194736842105,0.002,0.88,0.7502460838445141,0.032
777,64-D serving PCA,0.6153435760717572,1.0160286337077868,0.4006850576360297,0.3079939561241304,-0.0318688392104895,0.8342684210526317,0.002,0.91,0.7677609593080401,0.032
777,2-D serving PCA,0.55052808329581,0.979754000967655,0.4292259176718449,-0.05163248336945043,-0.13425921813440678,0.35048157894736853,0.002,0.43,0.2210926969461252,0.032
777,2-D diagnostic PCA,0.3047153168425332,1.1384736031242597,0.8337582862817265,0.2664361704625111,-0.10893489969629978,0.6512184210526316,0.002,0.68,0.4813504679174316,0.032
