condition,metric,old,new,change_pp
text_768_logreg,accuracy,0.6008004002001001,0.44172086043021513,-15.907953976988493
text_768_logreg,precision_macro,0.6439688762850441,0.4489088987419849,-19.505997754305916
text_768_logreg,recall_macro,0.5852061852992205,0.4487026707929205,-13.650351450630005
text_768_logreg,macro_f1,0.6062572889660786,0.43946523332514187,-16.679205564093667
text_768_hgb,accuracy,0.607303651825913,0.41520760380190097,-19.2096048024012
text_768_hgb,precision_macro,0.673110441062179,0.4371836314480174,-23.592680961416157
text_768_hgb,recall_macro,0.5770118007659427,0.4095239163104981,-16.74878844554446
text_768_hgb,macro_f1,0.6033200621728009,0.41695138328902737,-18.636867888377353
text_768_rf,accuracy,0.609304652326163,0.42921460730365185,-18.00900450225112
text_768_rf,precision_macro,0.6566527884207908,0.44823198968143796,-20.842079873935283
text_768_rf,recall_macro,0.5816791579580705,0.4292819960313451,-15.239716192672537
text_768_rf,macro_f1,0.6045858586831382,0.43487335085017575,-16.97125078329624
text_64_logreg,accuracy,0.59879939969985,0.43421710855427714,-16.458229114557284
text_64_logreg,precision_macro,0.6409933842010858,0.44743229238336935,-19.356109181771643
text_64_logreg,recall_macro,0.5888424975517111,0.44198221102969576,-14.686028652201538
text_64_logreg,macro_f1,0.6083416342005087,0.43260952376128936,-17.573211043921933
text_64_hgb,accuracy,0.5992996498249125,0.4257128564282141,-17.358679339669834
text_64_hgb,precision_macro,0.6669576702442485,0.45339217861074843,-21.356549163350003
text_64_hgb,recall_macro,0.5704637324540714,0.41851414276457716,-15.194958968949429
text_64_hgb,macro_f1,0.5964517215354049,0.4279551840056418,-16.849653752976312
text_64_rf,accuracy,0.5952976488244122,0.4062031015507754,-18.909454727363677
text_64_rf,precision_macro,0.6300228712671281,0.418840911201932,-21.118196006519607
text_64_rf,recall_macro,0.574630528464935,0.40928001395990643,-16.53505145050286
text_64_rf,macro_f1,0.5930601582181255,0.41083879237246823,-18.222136584565728
fused_768_logreg,accuracy,0.984992496248124,0.822911455727864,-16.208104052026005
fused_768_logreg,precision_macro,0.9803494895310974,0.8288607267039799,-15.148876282711743
fused_768_logreg,recall_macro,0.9865970109298977,0.8310050967436178,-15.559191418627993
fused_768_logreg,macro_f1,0.9833674077756197,0.8292255826738169,-15.414182510180286
fused_768_hgb,accuracy,0.9909954977488744,0.8364182091045522,-15.45772886443222
fused_768_hgb,precision_macro,0.9915189535404139,0.8471852991619792,-14.43336543784347
fused_768_hgb,recall_macro,0.9874343857088549,0.8402647302150998,-14.716965549375505
fused_768_hgb,macro_f1,0.9894374609740894,0.8420561231326068,-14.738133784148255
fused_768_rf,accuracy,0.9934967483741871,0.7743871935967984,-21.91095547773887
fused_768_rf,precision_macro,0.9903626436402786,0.7787392198066398,-21.162342383363875
fused_768_rf,recall_macro,0.9949880771686788,0.7824470976270093,-21.25409795416695
fused_768_rf,macro_f1,0.9926133385357119,0.7793444732154727,-21.326886532023913
fused_64_logreg,accuracy,0.984992496248124,0.8244122061030515,-16.058029014507248
fused_64_logreg,precision_macro,0.9803494895310974,0.8300595681051389,-15.028992142595843
fused_64_logreg,recall_macro,0.9865970109298977,0.8321545565727504,-15.444245435714732
fused_64_logreg,macro_f1,0.9833674077756197,0.8302929063157553,-15.307450145986445
fused_64_hgb,accuracy,0.991495747873937,0.8209104552276139,-17.058529264632316
fused_64_hgb,precision_macro,0.9924128980732755,0.8327933571865307,-15.96195408867448
fused_64_hgb,recall_macro,0.9877878675045424,0.8253762928383247,-16.241157466621768
fused_64_hgb,macro_f1,0.9900504125988706,0.8276231081699992,-16.242730442887144
fused_64_rf,accuracy,0.9934967483741871,0.7788894447223612,-21.46073036518259
fused_64_rf,precision_macro,0.9903626436402786,0.7846696319373294,-20.569301170294917
fused_64_rf,recall_macro,0.9949880771686788,0.7864718568415869,-20.851622032709184
fused_64_rf,macro_f1,0.9926133385357119,0.7834547381568857,-20.915860037882616
